--
-- PostgreSQL database dump
--

-- Dumped from database version 9.5.23
-- Dumped by pg_dump version 9.5.23

SET statement_timeout = 0;
SET lock_timeout = 0;
SET client_encoding = 'UTF8';
SET standard_conforming_strings = on;
SELECT pg_catalog.set_config('search_path', '', false);
SET check_function_bodies = false;
SET xmloption = content;
SET client_min_messages = warning;
SET row_security = off;

--
-- Name: plpgsql; Type: EXTENSION; Schema: -; Owner: 
--

CREATE EXTENSION IF NOT EXISTS plpgsql WITH SCHEMA pg_catalog;


--
-- Name: EXTENSION plpgsql; Type: COMMENT; Schema: -; Owner: 
--

COMMENT ON EXTENSION plpgsql IS 'PL/pgSQL procedural language';


--
-- Name: address; Type: TYPE; Schema: public; Owner: postgres
--

CREATE TYPE public.address AS (
	streetaddress character varying(32),
	city character varying(16),
	state character varying(16),
	statefull character varying(32),
	zipcode character varying
);


ALTER TYPE public.address OWNER TO postgres;

--
-- Name: full_name; Type: TYPE; Schema: public; Owner: postgres
--

CREATE TYPE public.full_name AS (
	first_name character varying(16),
	midname character varying(16),
	surname character varying(32)
);


ALTER TYPE public.full_name OWNER TO postgres;

--
-- Name: specialisation; Type: TYPE; Schema: public; Owner: postgres
--

CREATE TYPE public.specialisation AS (
	kind_animal character varying(16),
	surgery character varying(8),
	beauty_grooming character varying(16)
);


ALTER TYPE public.specialisation OWNER TO postgres;

SET default_tablespace = '';

SET default_with_oids = false;

--
-- Name: owners; Type: TABLE; Schema: public; Owner: postgres
--

CREATE TABLE public.owners (
    owner_id character varying(8) NOT NULL,
    name character varying(16) NOT NULL,
    surname character varying(16) NOT NULL,
    streetaddress character varying(32) NOT NULL,
    city character varying(32) NOT NULL,
    state character varying(8) DEFAULT 'MI'::character varying,
    statefull character varying,
    zipcode character varying,
    email character varying(32),
    phone integer,
    data_last_updated timestamp without time zone
);


ALTER TABLE public.owners OWNER TO postgres;

--
-- Name: contact_details(public.owners); Type: FUNCTION; Schema: public; Owner: postgres
--

CREATE FUNCTION public.contact_details(public.owners) RETURNS character varying
    LANGUAGE sql
    AS $_$
	SELECT $1.streetaddress || ', ' || $1.city || ', ' || $1.state || ', ' || $1.phone|| ', ' || $1.email
$_$;


ALTER FUNCTION public.contact_details(public.owners) OWNER TO postgres;

--
-- Name: full_name(public.owners); Type: FUNCTION; Schema: public; Owner: postgres
--

CREATE FUNCTION public.full_name(public.owners) RETURNS character varying
    LANGUAGE sql
    AS $_$
	SELECT $1.name || ' ' || $1.surname
$_$;


ALTER FUNCTION public.full_name(public.owners) OWNER TO postgres;

--
-- Name: generate_id(); Type: FUNCTION; Schema: public; Owner: postgres
--

CREATE FUNCTION public.generate_id() RETURNS integer
    LANGUAGE sql
    AS $$
	SELECT generate_series(1,42) from generate_series (1,42) as x(n);
$$;


ALTER FUNCTION public.generate_id() OWNER TO postgres;

--
-- Name: generate_id(integer, integer); Type: FUNCTION; Schema: public; Owner: postgres
--

CREATE FUNCTION public.generate_id(integer, integer) RETURNS integer
    LANGUAGE sql
    AS $$
	SELECT generate_series(1, 41) from generate_series (1,41) as x(n);
$$;


ALTER FUNCTION public.generate_id(integer, integer) OWNER TO postgres;

--
-- Name: history_quater(); Type: FUNCTION; Schema: public; Owner: postgres
--

CREATE FUNCTION public.history_quater() RETURNS trigger
    LANGUAGE plpgsql
    AS $$
BEGIN
    NEW.recent_visit_Qy = EXTRACT(QUARTER FROM proceduredate)::INTEGER;
    RETURN NEW;
END;
$$;


ALTER FUNCTION public.history_quater() OWNER TO postgres;

--
-- Name: history_vaccinations(); Type: FUNCTION; Schema: public; Owner: postgres
--

CREATE FUNCTION public.history_vaccinations() RETURNS trigger
    LANGUAGE plpgsql
    AS $$
BEGIN
    NEW.next_visit = proceduredate + INTERVAL '12 Months' WHERE proceduretype = 'VACCINATIONS';
    RETURN NEW;
END;
$$;


ALTER FUNCTION public.history_vaccinations() OWNER TO postgres;

--
-- Name: max_contract_salary(); Type: FUNCTION; Schema: public; Owner: postgres
--

CREATE FUNCTION public.max_contract_salary() RETURNS numeric
    LANGUAGE sql
    AS $$
	SELECT MAX(salary_fixed)
	FROM vets;
$$;


ALTER FUNCTION public.max_contract_salary() OWNER TO postgres;

--
-- Name: most_expensive(character); Type: FUNCTION; Schema: public; Owner: postgres
--

CREATE FUNCTION public.most_expensive(pid character) RETURNS integer
    LANGUAGE sql
    AS $$
SELECT MAX(procedure_cost) FROM
(SELECT DISTINCT(h.petid), p.price::int AS procedure_cost
FROM history h
JOIN procedure p ON h.proceduretype=p.proceduretype
WHERE h.petid=pid
GROUP BY h.petid,p.price) as agg_cost
$$;


ALTER FUNCTION public.most_expensive(pid character) OWNER TO postgres;

--
-- Name: most_expensive(integer); Type: FUNCTION; Schema: public; Owner: postgres
--

CREATE FUNCTION public.most_expensive(pid integer) RETURNS integer
    LANGUAGE sql
    AS $$
SELECT MAX(procedure_cost) FROM
(SELECT DISTINCT(h.petid), p.price::int AS procedure_cost
FROM history h
JOIN procedure p ON h.proceduretype=p.proceduretype
WHERE h.petid=pid
GROUP BY h.petid,p.price) as agg_cost
$$;


ALTER FUNCTION public.most_expensive(pid integer) OWNER TO postgres;

--
-- Name: next_vaccination(); Type: FUNCTION; Schema: public; Owner: postgres
--

CREATE FUNCTION public.next_vaccination() RETURNS trigger
    LANGUAGE plpgsql
    AS $$
DECLARE
    proceduredate date;
BEGIN
    NEW.next_visit = NEW.proceduredate + INTERVAL '1 Year';
    RETURN NEW;
END;
$$;


ALTER FUNCTION public.next_vaccination() OWNER TO postgres;

--
-- Name: owners_timestamp(); Type: FUNCTION; Schema: public; Owner: postgres
--

CREATE FUNCTION public.owners_timestamp() RETURNS trigger
    LANGUAGE plpgsql
    AS $$
BEGIN
    NEW.data_last_updated := now()::date;
    RETURN NEW;
END;
$$;


ALTER FUNCTION public.owners_timestamp() OWNER TO postgres;

--
-- Name: pets_timestamp(); Type: FUNCTION; Schema: public; Owner: postgres
--

CREATE FUNCTION public.pets_timestamp() RETURNS trigger
    LANGUAGE plpgsql
    AS $$
BEGIN
    NEW.sign_up := now()::date;
    RETURN NEW;
END;
$$;


ALTER FUNCTION public.pets_timestamp() OWNER TO postgres;

--
-- Name: procedure; Type: TABLE; Schema: public; Owner: postgres
--

CREATE TABLE public.procedure (
    proceduretype character varying(32),
    proceduresubcode character varying(8),
    description character varying(32),
    price integer,
    procedureid integer NOT NULL,
    CONSTRAINT price CHECK (((price >= 5) AND (price <= 775)))
);


ALTER TABLE public.procedure OWNER TO postgres;

--
-- Name: price_incl_vat(public.procedure, numeric); Type: FUNCTION; Schema: public; Owner: postgres
--

CREATE FUNCTION public.price_incl_vat(public.procedure, increase_percent numeric) RETURNS numeric
    LANGUAGE sql
    AS $_$
	SELECT $1.price * increase_percent/100
$_$;


ALTER FUNCTION public.price_incl_vat(public.procedure, increase_percent numeric) OWNER TO postgres;

--
-- Name: raise_a_notice(); Type: FUNCTION; Schema: public; Owner: postgres
--

CREATE FUNCTION public.raise_a_notice() RETURNS trigger
    LANGUAGE plpgsql
    AS $$
DECLARE
    arg TEXT;
BEGIN
    FOREACH arg IN ARRAY TG_ARGV LOOP
        RAISE NOTICE 'Why would you pass in ''%''?',arg;
    END LOOP;
    RETURN NEW; 
END;
$$;


ALTER FUNCTION public.raise_a_notice() OWNER TO postgres;

--
-- Name: raise_notice(); Type: FUNCTION; Schema: public; Owner: postgres
--

CREATE FUNCTION public.raise_notice() RETURNS trigger
    LANGUAGE plpgsql
    AS $$
DECLARE
    arg TEXT;
BEGIN
    FOREACH arg IN ARRAY TG_ARGV LOOP
        RAISE NOTICE 'Check if you can find ''%''and add data during next visit',arg;
    END LOOP;
    RETURN NEW;
END;
$$;


ALTER FUNCTION public.raise_notice() OWNER TO postgres;

--
-- Name: random_date_in_range(date, date); Type: FUNCTION; Schema: public; Owner: postgres
--

CREATE FUNCTION public.random_date_in_range(date, date) RETURNS date
    LANGUAGE sql
    AS $_$
    SELECT $1 + floor( ($2 - $1 + 1) * random() )::INTEGER;
$_$;


ALTER FUNCTION public.random_date_in_range(date, date) OWNER TO postgres;

--
-- Name: toint(character varying); Type: FUNCTION; Schema: public; Owner: postgres
--

CREATE FUNCTION public.toint(character varying) RETURNS integer
    LANGUAGE sql IMMUTABLE STRICT
    AS $_$SELECT cast($1 as integer);$_$;


ALTER FUNCTION public.toint(character varying) OWNER TO postgres;

--
-- Name: treatment_price_category(real); Type: FUNCTION; Schema: public; Owner: postgres
--

CREATE FUNCTION public.treatment_price_category(price real) RETURNS text
    LANGUAGE plpgsql
    AS $$
BEGIN
	IF price > 100.0 THEN
		RETURN 'premium';
	ELSIF price >= 25.0 THEN
		RETURN 'mid-range';
	ELSE
		RETURN 'inexpensive';
	END IF;
END;
$$;


ALTER FUNCTION public.treatment_price_category(price real) OWNER TO postgres;

--
-- Name: update(); Type: FUNCTION; Schema: public; Owner: postgres
--

CREATE FUNCTION public.update() RETURNS trigger
    LANGUAGE plpgsql
    AS $$
DECLARE
    proceduredate date;
BEGIN
    NEW.recent_visit_Qy = EXTRACT(QUARTER FROM NEW.proceduredate)::INTEGER;
    RETURN NEW;
END;
$$;


ALTER FUNCTION public.update() OWNER TO postgres;

--
-- Name: history; Type: TABLE; Schema: public; Owner: postgres
--

CREATE TABLE public.history (
    petid integer,
    proceduredate date,
    proceduretype character varying(32),
    proceduresubcode character varying(8),
    recent_visit_qy integer,
    vetid integer DEFAULT 1,
    CONSTRAINT recent_visit_qy CHECK (((recent_visit_qy >= 1) AND (recent_visit_qy <= 4)))
);


ALTER TABLE public.history OWNER TO postgres;

--
-- Name: ids; Type: TABLE; Schema: public; Owner: postgres
--

CREATE TABLE public.ids (
    id integer
);


ALTER TABLE public.ids OWNER TO postgres;

--
-- Name: pets; Type: TABLE; Schema: public; Owner: postgres
--

CREATE TABLE public.pets (
    pet_id integer NOT NULL,
    name character varying(50) NOT NULL,
    kind character varying(8) NOT NULL,
    gender character varying(8) NOT NULL,
    age integer,
    owner_id character varying,
    sign_up date DEFAULT (now())::abstime,
    CONSTRAINT age CHECK (((age >= 0) AND (age <= 19)))
);


ALTER TABLE public.pets OWNER TO postgres;

--
-- Name: vets; Type: TABLE; Schema: public; Owner: postgres
--

CREATE TABLE public.vets (
    vet_id integer NOT NULL,
    name public.full_name,
    address public.address,
    vet_specialisation public.specialisation,
    salary_fixed numeric(4,0),
    overhours_rate numeric(3,0),
    overhours integer,
    CONSTRAINT overhours CHECK (((overhours >= 1) AND (overhours <= 100)))
);


ALTER TABLE public.vets OWNER TO postgres;

--
-- Name: pets_overview; Type: VIEW; Schema: public; Owner: postgres
--

CREATE VIEW public.pets_overview AS
 SELECT pets.pet_id,
    pets.name AS pet_name,
    pets.kind,
    o.owner_id,
    o.name AS owner_name,
    o.surname AS owner_surname,
    h.proceduredate,
    h.proceduretype,
    p.price,
    p.description,
    v.name AS vet_name
   FROM ((((public.pets
     JOIN public.owners o ON (((pets.owner_id)::text = (o.owner_id)::text)))
     JOIN public.history h ON ((pets.pet_id = h.petid)))
     JOIN public.procedure p ON (((h.proceduresubcode)::text = (p.proceduresubcode)::text)))
     JOIN public.vets v ON ((h.vetid = v.vet_id)))
  WHERE ((pets.age >= 2) AND (p.price > 50));


ALTER TABLE public.pets_overview OWNER TO postgres;

--
-- Name: pets_petid_seq; Type: SEQUENCE; Schema: public; Owner: postgres
--

CREATE SEQUENCE public.pets_petid_seq
    START WITH 102
    INCREMENT BY 1
    NO MINVALUE
    NO MAXVALUE
    CACHE 1;


ALTER TABLE public.pets_petid_seq OWNER TO postgres;

--
-- Name: pets_petid_seq; Type: SEQUENCE OWNED BY; Schema: public; Owner: postgres
--

ALTER SEQUENCE public.pets_petid_seq OWNED BY public.pets.pet_id;


--
-- Name: rabis; Type: TABLE; Schema: public; Owner: postgres
--

CREATE TABLE public.rabis (
    petid integer,
    proceduredate date,
    kind character varying(8),
    next_visit date
);


ALTER TABLE public.rabis OWNER TO postgres;

--
-- Name: vets_vet_id_seq; Type: SEQUENCE; Schema: public; Owner: postgres
--

CREATE SEQUENCE public.vets_vet_id_seq
    START WITH 1
    INCREMENT BY 1
    NO MINVALUE
    NO MAXVALUE
    CACHE 1;


ALTER TABLE public.vets_vet_id_seq OWNER TO postgres;

--
-- Name: vets_vet_id_seq; Type: SEQUENCE OWNED BY; Schema: public; Owner: postgres
--

ALTER SEQUENCE public.vets_vet_id_seq OWNED BY public.vets.vet_id;


--
-- Name: vets_vetid_seq; Type: SEQUENCE; Schema: public; Owner: postgres
--

CREATE SEQUENCE public.vets_vetid_seq
    START WITH 5
    INCREMENT BY 1
    NO MINVALUE
    NO MAXVALUE
    CACHE 1;


ALTER TABLE public.vets_vetid_seq OWNER TO postgres;

--
-- Name: vets_vetid_seq; Type: SEQUENCE OWNED BY; Schema: public; Owner: postgres
--

ALTER SEQUENCE public.vets_vetid_seq OWNED BY public.vets.vet_id;


--
-- Name: vet_id; Type: DEFAULT; Schema: public; Owner: postgres
--

ALTER TABLE ONLY public.vets ALTER COLUMN vet_id SET DEFAULT nextval('public.vets_vet_id_seq'::regclass);


--
-- Data for Name: history; Type: TABLE DATA; Schema: public; Owner: postgres
--

COPY public.history (petid, proceduredate, proceduretype, proceduresubcode, recent_visit_qy, vetid) FROM stdin;
72	2016-12-21	GENERAL SURGERIES	01	4	2
35	2016-12-22	GENERAL SURGERIES	06	4	2
41	2016-12-22	GENERAL SURGERIES	04	4	1
5	2016-12-22	GENERAL SURGERIES	02	4	2
35	2016-12-28	GENERAL SURGERIES	08	4	2
8	2016-12-28	GENERAL SURGERIES	03	4	3
8	2016-12-29	GENERAL SURGERIES	07	4	3
62	2016-12-29	GENERAL SURGERIES	017	4	2
11	2016-12-21	ORTHOPEDIC	05	4	4
52	2016-12-28	GROOMING	03	4	1
91	2016-12-28	GROOMING	01	4	4
57	2016-12-28	GROOMING	01	4	2
45	2016-12-28	GROOMING	01	4	2
11	2016-12-28	GROOMING	01	4	3
100	2016-12-28	GROOMING	01	4	2
31	2016-12-28	GROOMING	01	4	1
75	2016-12-27	ORTHOPEDIC	03	4	4
48	2020-08-19	VACCINATIONS	05	3	1
96	2019-08-20	VACCINATIONS	05	3	3
32	2016-07-10	GENERAL SURGERIES	013	3	1
69	2016-07-10	GENERAL SURGERIES	05	3	2
79	2016-07-11	GENERAL SURGERIES	03	3	3
3	2016-07-11	GENERAL SURGERIES	017	3	1
42	2016-09-27	VACCINATIONS	05	3	1
100	2016-09-27	VACCINATIONS	05	3	3
7	2016-09-28	VACCINATIONS	05	3	1
70	2016-09-30	VACCINATIONS	05	3	4
35	2016-09-30	VACCINATIONS	05	3	4
47	2016-10-01	VACCINATIONS	05	4	1
29	2016-03-10	HOSPITALIZATION	01	1	1
41	2016-03-10	GROOMING	03	1	4
17	2016-03-10	GROOMING	01	1	4
63	2016-03-10	GROOMING	01	1	1
81	2016-03-10	GROOMING	01	1	2
21	2016-03-10	GROOMING	01	1	1
98	2016-03-10	GROOMING	01	1	1
89	2016-10-02	VACCINATIONS	05	4	2
28	2016-10-02	VACCINATIONS	05	4	3
58	2016-10-02	VACCINATIONS	05	4	1
100	2016-10-03	VACCINATIONS	05	4	4
80	2016-10-03	VACCINATIONS	05	4	1
48	2016-03-12	GROOMING	03	1	4
55	2016-03-14	GROOMING	01	1	1
24	2016-10-03	VACCINATIONS	05	4	1
58	2016-02-28	ORTHOPEDIC	04	1	1
53	2016-03-16	GROOMING	03	1	3
55	2016-03-10	ORTHOPEDIC	09	1	1
31	2016-01-30	GENERAL SURGERIES	018	1	3
101	2016-01-30	GENERAL SURGERIES	019	1	1
50	2016-01-30	GENERAL SURGERIES	03	1	1
63	2016-01-31	GENERAL SURGERIES	03	1	3
68	2016-01-31	GENERAL SURGERIES	03	1	2
27	2016-02-01	GENERAL SURGERIES	06	1	4
65	2016-02-01	GENERAL SURGERIES	03	1	3
8	2016-02-01	GENERAL SURGERIES	03	1	2
26	2016-02-01	GENERAL SURGERIES	03	1	2
72	2016-02-02	GENERAL SURGERIES	016	1	4
77	2016-02-02	GENERAL SURGERIES	06	1	2
60	2016-02-02	GENERAL SURGERIES	015	1	2
17	2016-02-02	GENERAL SURGERIES	03	1	1
5	2016-02-02	GENERAL SURGERIES	03	1	2
101	2016-02-03	GENERAL SURGERIES	013	1	1
33	2016-02-03	GENERAL SURGERIES	07	1	4
68	2016-02-03	GENERAL SURGERIES	09	1	2
81	2016-02-03	GENERAL SURGERIES	019	1	2
54	2016-02-04	GENERAL SURGERIES	016	1	1
64	2016-02-04	GENERAL SURGERIES	04	1	3
69	2016-02-04	GENERAL SURGERIES	015	1	4
82	2016-02-04	GENERAL SURGERIES	018	1	4
21	2016-02-04	GENERAL SURGERIES	06	1	4
67	2016-02-04	GENERAL SURGERIES	015	1	4
61	2016-02-04	GENERAL SURGERIES	03	1	1
69	2016-02-04	GENERAL SURGERIES	03	1	3
20	2016-02-04	GENERAL SURGERIES	03	1	4
84	2016-02-05	GENERAL SURGERIES	03	1	2
26	2016-02-05	GENERAL SURGERIES	03	1	4
73	2016-02-08	GENERAL SURGERIES	03	1	2
37	2016-02-11	GENERAL SURGERIES	02	1	2
57	2016-02-12	GENERAL SURGERIES	01	1	2
72	2016-02-12	GENERAL SURGERIES	04	1	2
87	2016-02-13	GENERAL SURGERIES	03	1	3
18	2016-02-14	GENERAL SURGERIES	03	1	1
39	2016-02-15	GENERAL SURGERIES	013	1	4
12	2016-02-20	GENERAL SURGERIES	03	1	2
83	2016-02-23	GENERAL SURGERIES	012	1	4
47	2016-02-24	GENERAL SURGERIES	03	1	2
38	2016-02-27	GENERAL SURGERIES	09	1	3
53	2016-02-27	GENERAL SURGERIES	06	1	4
23	2016-03-01	GENERAL SURGERIES	07	1	3
98	2016-03-03	GENERAL SURGERIES	014	1	1
70	2016-03-03	GENERAL SURGERIES	03	1	4
27	2016-03-05	GENERAL SURGERIES	019	1	1
97	2016-03-05	GENERAL SURGERIES	08	1	1
1	2016-03-07	GENERAL SURGERIES	017	1	4
95	2016-03-08	GENERAL SURGERIES	03	1	2
77	2016-03-10	GENERAL SURGERIES	05	1	3
55	2016-03-10	GENERAL SURGERIES	016	1	4
58	2016-03-10	GENERAL SURGERIES	014	1	1
44	2016-03-10	GENERAL SURGERIES	013	1	2
35	2016-03-12	GENERAL SURGERIES	011	1	4
78	2016-03-12	GENERAL SURGERIES	09	1	4
9	2016-03-14	GENERAL SURGERIES	03	1	2
95	2016-03-18	GENERAL SURGERIES	015	1	4
46	2016-03-19	GENERAL SURGERIES	05	1	3
28	2016-03-21	GENERAL SURGERIES	08	1	1
78	2016-03-21	GENERAL SURGERIES	02	1	1
71	2016-03-26	GENERAL SURGERIES	016	1	2
39	2016-05-28	GENERAL SURGERIES	018	2	2
33	2016-05-28	GENERAL SURGERIES	011	2	2
56	2016-05-28	GENERAL SURGERIES	04	2	1
15	2016-05-28	GENERAL SURGERIES	011	2	1
37	2016-06-01	GENERAL SURGERIES	017	2	1
33	2016-06-01	GENERAL SURGERIES	03	2	2
73	2016-06-02	GENERAL SURGERIES	03	2	3
32	2016-06-08	GENERAL SURGERIES	01	2	4
75	2016-06-10	GENERAL SURGERIES	012	2	1
34	2016-06-11	GENERAL SURGERIES	011	2	4
35	2016-06-17	GENERAL SURGERIES	02	2	4
101	2016-06-19	GENERAL SURGERIES	02	2	3
69	2016-06-23	GENERAL SURGERIES	07	2	1
3	2016-06-25	GENERAL SURGERIES	011	2	4
28	2016-06-25	GENERAL SURGERIES	011	2	1
3	2016-06-26	GENERAL SURGERIES	06	2	3
45	2016-06-26	GENERAL SURGERIES	017	2	2
29	2016-06-27	GENERAL SURGERIES	04	2	1
47	2016-06-27	GENERAL SURGERIES	011	2	3
94	2016-06-28	GENERAL SURGERIES	05	2	2
21	2016-06-29	GENERAL SURGERIES	03	2	1
43	2016-06-29	GENERAL SURGERIES	03	2	3
88	2016-07-01	GENERAL SURGERIES	014	3	4
64	2016-07-03	GENERAL SURGERIES	010	3	1
50	2016-07-04	GENERAL SURGERIES	03	3	4
66	2016-07-06	GENERAL SURGERIES	012	3	1
59	2016-07-06	GENERAL SURGERIES	04	3	4
21	2016-07-06	GENERAL SURGERIES	09	3	3
84	2016-07-06	GENERAL SURGERIES	09	3	2
73	2016-07-06	GENERAL SURGERIES	03	3	2
74	2016-12-21	VACCINATIONS	05	4	2
22	2016-12-21	VACCINATIONS	05	4	3
4	2016-12-21	VACCINATIONS	05	4	4
29	2016-12-21	VACCINATIONS	05	4	1
36	2016-12-22	VACCINATIONS	05	4	2
40	2016-12-27	GROOMING	03	4	2
61	2016-12-18	GENERAL SURGERIES	015	4	1
7	2016-12-18	GENERAL SURGERIES	09	4	2
101	2016-03-28	GENERAL SURGERIES	018	1	3
14	2016-03-28	GENERAL SURGERIES	01	1	3
26	2016-03-28	GENERAL SURGERIES	03	1	4
72	2016-03-28	GENERAL SURGERIES	03	1	1
100	2016-03-31	GENERAL SURGERIES	09	1	1
43	2016-04-03	GENERAL SURGERIES	03	2	1
9	2016-04-03	GENERAL SURGERIES	07	2	4
11	2016-04-03	GENERAL SURGERIES	08	2	2
25	2016-04-03	GENERAL SURGERIES	03	2	4
56	2016-04-06	GENERAL SURGERIES	05	2	1
48	2016-05-02	GENERAL SURGERIES	03	2	4
78	2016-05-03	GENERAL SURGERIES	011	2	3
78	2016-05-04	GENERAL SURGERIES	015	2	2
44	2016-05-04	GENERAL SURGERIES	09	2	1
46	2016-05-04	GENERAL SURGERIES	02	2	1
4	2016-05-04	GENERAL SURGERIES	03	2	2
40	2016-05-05	GENERAL SURGERIES	05	2	1
47	2016-05-07	GENERAL SURGERIES	010	2	1
98	2016-05-07	GENERAL SURGERIES	03	2	2
15	2016-05-11	GENERAL SURGERIES	03	2	4
101	2016-05-13	GENERAL SURGERIES	012	2	3
54	2016-05-15	GENERAL SURGERIES	015	2	4
58	2016-05-16	GENERAL SURGERIES	03	2	2
34	2016-05-20	GENERAL SURGERIES	03	2	4
31	2016-05-22	GENERAL SURGERIES	05	2	3
67	2016-05-22	GENERAL SURGERIES	016	2	4
28	2016-05-24	GENERAL SURGERIES	017	2	3
76	2016-01-26	VACCINATIONS	05	1	2
95	2016-01-26	VACCINATIONS	05	1	3
4	2016-01-26	VACCINATIONS	05	1	2
45	2016-01-26	VACCINATIONS	05	1	4
94	2016-01-26	VACCINATIONS	05	1	3
17	2016-01-27	VACCINATIONS	05	1	2
71	2016-01-27	VACCINATIONS	05	1	4
64	2016-01-27	VACCINATIONS	05	1	2
15	2016-01-27	VACCINATIONS	05	1	1
13	2016-01-27	VACCINATIONS	05	1	1
73	2016-01-27	VACCINATIONS	05	1	4
26	2016-01-27	VACCINATIONS	05	1	1
37	2016-01-27	VACCINATIONS	05	1	4
27	2016-01-27	VACCINATIONS	05	1	3
73	2016-01-27	VACCINATIONS	05	1	1
13	2016-01-27	VACCINATIONS	05	1	2
4	2016-01-27	VACCINATIONS	05	1	1
16	2016-01-27	VACCINATIONS	05	1	1
59	2016-01-28	VACCINATIONS	05	1	3
7	2016-01-28	VACCINATIONS	05	1	2
56	2016-01-29	VACCINATIONS	05	1	2
4	2016-01-29	VACCINATIONS	05	1	3
4	2016-01-29	VACCINATIONS	05	1	4
71	2016-01-30	VACCINATIONS	05	1	2
3	2016-01-30	VACCINATIONS	05	1	2
58	2016-01-30	VACCINATIONS	05	1	3
27	2016-01-30	VACCINATIONS	05	1	3
36	2016-01-30	VACCINATIONS	05	1	2
88	2016-01-30	VACCINATIONS	05	1	1
94	2016-01-30	VACCINATIONS	05	1	3
64	2016-01-30	VACCINATIONS	05	1	4
63	2016-01-31	VACCINATIONS	05	1	3
87	2016-01-31	VACCINATIONS	05	1	2
67	2016-01-31	VACCINATIONS	05	1	1
7	2016-01-31	VACCINATIONS	05	1	2
79	2016-01-31	VACCINATIONS	05	1	4
84	2016-01-31	VACCINATIONS	05	1	3
77	2016-01-31	VACCINATIONS	05	1	2
42	2016-01-31	VACCINATIONS	05	1	1
99	2016-02-01	VACCINATIONS	05	1	4
90	2016-02-01	VACCINATIONS	05	1	2
13	2016-02-01	VACCINATIONS	05	1	4
23	2016-02-01	VACCINATIONS	05	1	4
25	2016-02-01	VACCINATIONS	05	1	2
40	2016-02-01	VACCINATIONS	05	1	3
96	2016-02-01	VACCINATIONS	05	1	1
38	2016-02-01	VACCINATIONS	05	1	4
44	2016-02-01	VACCINATIONS	05	1	3
10	2016-02-01	VACCINATIONS	05	1	2
96	2016-02-01	VACCINATIONS	05	1	3
51	2016-02-01	VACCINATIONS	05	1	1
66	2016-02-01	VACCINATIONS	05	1	3
99	2016-02-01	VACCINATIONS	05	1	1
54	2016-02-01	VACCINATIONS	05	1	4
35	2016-02-01	VACCINATIONS	05	1	1
1	2016-02-01	VACCINATIONS	05	1	3
10	2016-02-01	VACCINATIONS	05	1	3
61	2016-02-02	VACCINATIONS	05	1	3
37	2016-02-02	VACCINATIONS	05	1	4
98	2016-02-02	VACCINATIONS	05	1	4
53	2016-02-02	VACCINATIONS	05	1	2
100	2016-02-02	VACCINATIONS	05	1	3
59	2016-02-02	VACCINATIONS	05	1	2
39	2016-02-02	VACCINATIONS	05	1	3
66	2016-02-02	VACCINATIONS	05	1	4
65	2016-02-02	VACCINATIONS	05	1	4
16	2016-02-02	VACCINATIONS	05	1	2
48	2016-02-02	VACCINATIONS	05	1	2
41	2016-02-02	VACCINATIONS	05	1	1
57	2016-02-03	VACCINATIONS	05	1	3
45	2016-02-03	VACCINATIONS	05	1	2
29	2016-02-03	VACCINATIONS	05	1	3
70	2016-02-03	VACCINATIONS	05	1	3
68	2016-02-03	VACCINATIONS	05	1	1
54	2016-02-03	VACCINATIONS	05	1	1
9	2016-02-03	VACCINATIONS	05	1	1
62	2016-02-03	VACCINATIONS	05	1	2
92	2016-02-03	VACCINATIONS	05	1	4
52	2016-02-03	VACCINATIONS	05	1	4
71	2016-02-03	VACCINATIONS	05	1	3
86	2016-02-03	VACCINATIONS	05	1	2
1	2016-02-03	VACCINATIONS	05	1	4
35	2016-02-03	VACCINATIONS	05	1	2
84	2016-02-03	VACCINATIONS	05	1	3
55	2016-02-03	VACCINATIONS	05	1	4
70	2016-02-03	VACCINATIONS	05	1	2
85	2016-02-03	VACCINATIONS	05	1	1
64	2016-02-03	VACCINATIONS	05	1	3
30	2016-02-03	VACCINATIONS	05	1	1
20	2016-02-03	VACCINATIONS	05	1	4
61	2016-02-03	VACCINATIONS	05	1	2
83	2016-02-03	VACCINATIONS	05	1	2
18	2016-02-03	VACCINATIONS	05	1	3
18	2016-02-03	VACCINATIONS	05	1	3
20	2016-02-03	VACCINATIONS	05	1	4
83	2016-02-03	VACCINATIONS	05	1	2
83	2016-02-03	VACCINATIONS	05	1	3
35	2016-02-03	VACCINATIONS	05	1	2
30	2016-02-03	VACCINATIONS	05	1	4
23	2016-02-03	VACCINATIONS	05	1	3
92	2016-02-03	VACCINATIONS	03	1	4
75	2016-02-03	VACCINATIONS	04	1	1
52	2016-02-04	VACCINATIONS	05	1	2
61	2016-02-04	VACCINATIONS	05	1	2
41	2016-02-04	VACCINATIONS	05	1	2
4	2016-02-04	VACCINATIONS	05	1	2
69	2016-02-04	VACCINATIONS	05	1	3
1	2016-02-04	VACCINATIONS	05	1	3
95	2016-02-04	VACCINATIONS	05	1	2
20	2016-02-04	VACCINATIONS	05	1	2
72	2016-02-04	VACCINATIONS	05	1	1
80	2016-02-04	VACCINATIONS	05	1	3
21	2016-02-04	VACCINATIONS	05	1	2
6	2016-02-04	VACCINATIONS	05	1	3
63	2016-02-04	VACCINATIONS	05	1	2
75	2016-02-04	VACCINATIONS	05	1	2
75	2016-02-04	VACCINATIONS	05	1	4
46	2016-02-04	VACCINATIONS	05	1	2
38	2016-02-04	VACCINATIONS	05	1	4
3	2016-02-04	VACCINATIONS	05	1	1
65	2016-02-04	VACCINATIONS	05	1	2
98	2016-02-04	VACCINATIONS	05	1	1
85	2016-02-04	VACCINATIONS	05	1	2
83	2016-02-04	VACCINATIONS	05	1	4
15	2016-02-04	VACCINATIONS	05	1	4
3	2016-02-04	VACCINATIONS	05	1	2
65	2016-02-04	VACCINATIONS	05	1	1
97	2016-02-04	VACCINATIONS	05	1	2
38	2016-02-04	VACCINATIONS	05	1	3
95	2016-02-04	VACCINATIONS	05	1	4
19	2016-02-04	VACCINATIONS	05	1	1
28	2016-02-04	VACCINATIONS	05	1	2
68	2016-02-04	VACCINATIONS	05	1	1
70	2016-02-04	VACCINATIONS	05	1	3
89	2016-02-04	VACCINATIONS	05	1	4
7	2016-02-04	VACCINATIONS	05	1	2
73	2016-02-04	VACCINATIONS	05	1	4
56	2016-02-04	VACCINATIONS	05	1	2
8	2016-02-04	VACCINATIONS	05	1	1
67	2016-02-04	VACCINATIONS	05	1	1
76	2016-02-04	VACCINATIONS	05	1	3
79	2016-02-04	VACCINATIONS	05	1	2
45	2016-02-04	VACCINATIONS	05	1	4
96	2016-02-04	VACCINATIONS	05	1	1
85	2016-02-04	VACCINATIONS	04	1	4
6	2016-02-04	VACCINATIONS	01	1	1
69	2016-02-05	VACCINATIONS	05	1	2
58	2016-02-05	VACCINATIONS	05	1	3
52	2016-02-05	VACCINATIONS	05	1	3
6	2016-02-05	VACCINATIONS	05	1	1
61	2016-02-05	VACCINATIONS	05	1	3
15	2016-02-05	VACCINATIONS	05	1	4
2	2016-02-05	VACCINATIONS	05	1	2
44	2016-02-05	VACCINATIONS	05	1	1
98	2016-02-05	VACCINATIONS	05	1	3
17	2016-02-05	VACCINATIONS	05	1	1
47	2016-02-05	VACCINATIONS	05	1	2
61	2016-02-05	VACCINATIONS	05	1	4
13	2016-02-05	VACCINATIONS	05	1	3
84	2016-02-05	VACCINATIONS	05	1	1
54	2016-02-05	VACCINATIONS	05	1	4
31	2016-02-05	VACCINATIONS	05	1	4
11	2016-02-05	VACCINATIONS	05	1	2
20	2016-02-05	VACCINATIONS	05	1	4
100	2016-02-06	VACCINATIONS	05	1	2
99	2016-02-06	VACCINATIONS	05	1	1
27	2016-02-06	VACCINATIONS	05	1	2
72	2016-02-07	VACCINATIONS	05	1	1
54	2016-02-07	VACCINATIONS	05	1	2
35	2016-02-08	VACCINATIONS	05	1	2
37	2016-02-08	VACCINATIONS	05	1	2
28	2016-02-09	VACCINATIONS	05	1	1
13	2016-02-09	VACCINATIONS	05	1	3
82	2016-02-09	VACCINATIONS	05	1	1
22	2016-02-09	VACCINATIONS	05	1	1
97	2016-02-09	VACCINATIONS	05	1	3
88	2016-02-10	VACCINATIONS	05	1	1
91	2016-02-10	VACCINATIONS	05	1	3
53	2016-02-10	VACCINATIONS	05	1	2
38	2016-02-10	VACCINATIONS	05	1	4
97	2016-02-10	VACCINATIONS	05	1	4
12	2016-02-11	VACCINATIONS	05	1	1
52	2016-02-11	VACCINATIONS	05	1	3
99	2016-02-12	VACCINATIONS	05	1	1
56	2016-02-12	VACCINATIONS	05	1	1
48	2016-02-12	VACCINATIONS	05	1	2
14	2016-02-12	VACCINATIONS	05	1	2
1	2016-02-12	VACCINATIONS	05	1	3
8	2016-02-12	VACCINATIONS	05	1	1
26	2016-02-12	VACCINATIONS	05	1	4
85	2016-02-12	VACCINATIONS	05	1	3
62	2016-02-12	VACCINATIONS	05	1	4
56	2016-02-12	VACCINATIONS	05	1	3
95	2016-02-12	VACCINATIONS	06	1	1
82	2016-02-14	VACCINATIONS	05	1	4
55	2016-02-14	VACCINATIONS	05	1	1
93	2016-02-14	VACCINATIONS	05	1	2
7	2016-02-14	VACCINATIONS	05	1	1
25	2016-02-14	VACCINATIONS	05	1	1
45	2016-02-14	VACCINATIONS	05	1	3
42	2016-02-14	VACCINATIONS	05	1	3
62	2016-02-14	VACCINATIONS	05	1	2
72	2016-02-14	VACCINATIONS	05	1	4
54	2016-02-15	VACCINATIONS	05	1	2
42	2016-02-15	VACCINATIONS	05	1	3
94	2016-02-15	VACCINATIONS	05	1	1
49	2016-02-15	VACCINATIONS	05	1	4
28	2016-02-15	VACCINATIONS	05	1	4
84	2016-02-16	VACCINATIONS	05	1	3
1	2016-02-17	VACCINATIONS	05	1	1
65	2016-02-17	VACCINATIONS	05	1	3
79	2016-02-17	VACCINATIONS	05	1	2
12	2016-02-17	VACCINATIONS	05	1	1
16	2016-02-17	VACCINATIONS	05	1	1
76	2016-02-17	VACCINATIONS	05	1	3
68	2016-02-18	VACCINATIONS	05	1	2
64	2016-02-19	VACCINATIONS	05	1	2
90	2016-02-20	VACCINATIONS	05	1	4
69	2016-02-20	VACCINATIONS	05	1	4
71	2016-02-20	VACCINATIONS	05	1	3
14	2016-02-21	VACCINATIONS	05	1	4
52	2016-02-22	VACCINATIONS	05	1	3
31	2016-02-22	VACCINATIONS	05	1	3
69	2016-02-23	VACCINATIONS	05	1	3
46	2016-02-23	VACCINATIONS	05	1	3
11	2016-02-24	VACCINATIONS	05	1	2
23	2016-02-24	VACCINATIONS	05	1	3
38	2016-02-24	VACCINATIONS	05	1	4
18	2016-02-24	VACCINATIONS	05	1	3
47	2016-02-24	VACCINATIONS	05	1	4
82	2016-02-24	VACCINATIONS	05	1	3
59	2016-02-25	VACCINATIONS	05	1	2
8	2016-02-26	VACCINATIONS	05	1	2
53	2016-02-26	VACCINATIONS	05	1	3
11	2016-02-26	VACCINATIONS	05	1	3
49	2016-02-26	VACCINATIONS	05	1	4
46	2016-02-27	VACCINATIONS	05	1	3
60	2016-02-27	VACCINATIONS	05	1	3
77	2016-02-27	VACCINATIONS	05	1	3
29	2016-02-27	VACCINATIONS	05	1	1
60	2016-02-28	VACCINATIONS	05	1	3
41	2016-02-28	VACCINATIONS	05	1	2
6	2016-02-28	VACCINATIONS	05	1	3
72	2016-02-28	VACCINATIONS	05	1	4
56	2016-03-01	VACCINATIONS	05	1	3
82	2016-03-02	VACCINATIONS	05	1	2
38	2016-03-02	VACCINATIONS	05	1	1
19	2016-03-03	VACCINATIONS	05	1	1
70	2016-03-03	VACCINATIONS	05	1	1
6	2016-03-03	VACCINATIONS	05	1	1
90	2016-03-03	VACCINATIONS	05	1	3
84	2016-03-03	VACCINATIONS	05	1	1
57	2016-03-03	VACCINATIONS	05	1	4
20	2016-03-03	VACCINATIONS	05	1	2
52	2016-03-03	VACCINATIONS	05	1	3
2	2016-03-03	VACCINATIONS	05	1	2
31	2016-03-03	VACCINATIONS	05	1	4
74	2016-03-03	VACCINATIONS	05	1	2
39	2016-03-03	VACCINATIONS	05	1	2
48	2016-03-03	VACCINATIONS	02	1	2
20	2016-03-04	VACCINATIONS	05	1	1
20	2016-03-04	VACCINATIONS	05	1	4
6	2016-03-05	VACCINATIONS	05	1	3
27	2016-03-05	VACCINATIONS	05	1	3
73	2016-03-05	VACCINATIONS	05	1	2
17	2016-03-05	VACCINATIONS	05	1	2
76	2016-03-05	VACCINATIONS	05	1	2
17	2016-03-05	VACCINATIONS	05	1	1
76	2016-03-06	VACCINATIONS	01	1	4
52	2016-03-06	VACCINATIONS	05	1	1
45	2016-03-06	VACCINATIONS	05	1	2
34	2016-03-06	VACCINATIONS	05	1	3
92	2016-03-06	VACCINATIONS	02	1	2
51	2016-03-07	VACCINATIONS	05	1	1
4	2016-03-07	VACCINATIONS	05	1	2
47	2016-03-08	VACCINATIONS	05	1	1
32	2016-03-08	VACCINATIONS	05	1	2
42	2016-03-08	VACCINATIONS	05	1	3
65	2016-03-08	VACCINATIONS	05	1	1
1	2016-03-08	VACCINATIONS	05	1	3
47	2016-03-08	VACCINATIONS	05	1	4
53	2016-03-08	VACCINATIONS	05	1	3
84	2016-03-08	VACCINATIONS	06	1	3
3	2016-03-09	VACCINATIONS	05	1	3
72	2016-03-09	VACCINATIONS	05	1	4
34	2016-03-09	VACCINATIONS	05	1	2
5	2016-03-10	VACCINATIONS	05	1	1
1	2016-03-10	VACCINATIONS	05	1	4
7	2016-03-10	VACCINATIONS	05	1	4
43	2016-03-10	VACCINATIONS	05	1	2
49	2016-03-10	VACCINATIONS	05	1	1
26	2016-03-10	VACCINATIONS	05	1	4
63	2016-03-10	VACCINATIONS	05	1	2
55	2016-03-10	VACCINATIONS	05	1	4
52	2016-03-10	VACCINATIONS	05	1	2
34	2016-03-10	VACCINATIONS	05	1	4
71	2016-03-10	VACCINATIONS	05	1	2
26	2016-03-10	VACCINATIONS	05	1	4
50	2016-03-10	VACCINATIONS	05	1	4
46	2016-03-10	VACCINATIONS	05	1	1
77	2016-03-10	VACCINATIONS	05	1	1
95	2016-03-10	VACCINATIONS	05	1	1
80	2016-03-10	VACCINATIONS	05	1	3
68	2016-03-10	VACCINATIONS	05	1	3
44	2016-03-11	VACCINATIONS	03	1	1
83	2016-03-12	VACCINATIONS	05	1	1
13	2016-03-12	VACCINATIONS	05	1	3
76	2016-03-12	VACCINATIONS	05	1	2
24	2016-03-12	VACCINATIONS	05	1	4
78	2016-03-15	VACCINATIONS	05	1	3
76	2016-03-16	VACCINATIONS	05	1	1
71	2016-03-17	VACCINATIONS	05	1	3
30	2016-03-17	VACCINATIONS	05	1	2
59	2016-03-17	VACCINATIONS	05	1	3
73	2016-03-17	VACCINATIONS	05	1	1
101	2016-03-17	VACCINATIONS	05	1	2
93	2016-03-17	VACCINATIONS	05	1	1
77	2016-03-17	VACCINATIONS	05	1	2
1	2016-03-18	VACCINATIONS	05	1	1
99	2016-03-18	VACCINATIONS	05	1	4
19	2016-03-18	VACCINATIONS	05	1	3
50	2016-03-18	VACCINATIONS	05	1	2
23	2016-03-18	VACCINATIONS	05	1	4
81	2016-03-18	VACCINATIONS	05	1	4
4	2016-03-18	VACCINATIONS	05	1	1
74	2016-03-19	VACCINATIONS	05	1	2
13	2016-03-19	VACCINATIONS	05	1	3
75	2016-03-19	VACCINATIONS	05	1	3
100	2016-03-19	VACCINATIONS	05	1	2
63	2016-03-19	VACCINATIONS	05	1	3
19	2016-03-19	VACCINATIONS	05	1	3
76	2016-03-19	VACCINATIONS	05	1	2
56	2016-03-19	VACCINATIONS	05	1	3
98	2016-03-20	VACCINATIONS	05	1	2
43	2016-03-21	VACCINATIONS	05	1	4
100	2016-03-21	VACCINATIONS	05	1	4
80	2016-03-22	VACCINATIONS	05	1	3
55	2016-03-23	VACCINATIONS	05	1	2
74	2016-03-23	VACCINATIONS	05	1	2
2	2016-03-23	VACCINATIONS	05	1	2
31	2016-03-23	VACCINATIONS	05	1	1
49	2016-03-24	VACCINATIONS	05	1	2
73	2016-03-25	VACCINATIONS	05	1	1
60	2016-03-28	VACCINATIONS	05	1	2
6	2016-03-28	VACCINATIONS	05	1	1
44	2016-03-28	VACCINATIONS	05	1	2
60	2016-03-28	VACCINATIONS	05	1	3
99	2016-03-28	VACCINATIONS	05	1	1
19	2016-03-28	VACCINATIONS	05	1	3
61	2016-03-28	VACCINATIONS	05	1	4
96	2016-03-28	VACCINATIONS	05	1	1
38	2016-03-28	VACCINATIONS	05	1	1
10	2016-03-28	VACCINATIONS	05	1	1
17	2016-03-28	VACCINATIONS	05	1	1
17	2016-03-29	VACCINATIONS	05	1	1
13	2016-03-29	VACCINATIONS	05	1	2
91	2016-03-30	VACCINATIONS	05	1	2
30	2016-03-31	VACCINATIONS	05	1	4
87	2016-03-31	VACCINATIONS	05	1	4
90	2016-04-01	VACCINATIONS	05	2	3
92	2016-04-02	VACCINATIONS	05	2	2
5	2016-04-03	VACCINATIONS	05	2	3
65	2016-04-03	VACCINATIONS	05	2	1
46	2016-04-04	VACCINATIONS	05	2	1
1	2016-04-05	VACCINATIONS	05	2	4
6	2016-04-06	VACCINATIONS	05	2	4
44	2016-04-06	VACCINATIONS	05	2	4
81	2016-04-06	VACCINATIONS	05	2	3
61	2016-04-07	VACCINATIONS	05	2	2
17	2016-04-08	VACCINATIONS	05	2	2
83	2016-04-08	VACCINATIONS	05	2	4
92	2016-04-08	VACCINATIONS	05	2	2
65	2016-04-09	VACCINATIONS	05	2	3
54	2016-04-10	VACCINATIONS	05	2	1
50	2016-04-11	VACCINATIONS	05	2	4
71	2016-04-11	VACCINATIONS	05	2	4
97	2016-04-11	VACCINATIONS	05	2	2
9	2016-04-13	VACCINATIONS	05	2	3
68	2016-04-13	VACCINATIONS	05	2	1
15	2016-04-13	VACCINATIONS	05	2	4
70	2016-04-13	VACCINATIONS	02	2	2
62	2016-04-14	VACCINATIONS	05	2	2
52	2016-04-15	VACCINATIONS	05	2	4
79	2016-04-15	VACCINATIONS	05	2	2
79	2016-04-16	VACCINATIONS	05	2	2
69	2016-04-16	VACCINATIONS	05	2	1
92	2016-04-17	VACCINATIONS	05	2	3
69	2016-04-18	VACCINATIONS	05	2	3
98	2016-04-18	VACCINATIONS	05	2	4
77	2016-04-18	VACCINATIONS	03	2	3
58	2016-04-19	VACCINATIONS	05	2	2
88	2016-04-20	VACCINATIONS	05	2	1
81	2016-04-21	VACCINATIONS	05	2	1
21	2016-04-21	VACCINATIONS	05	2	2
33	2016-04-21	VACCINATIONS	05	2	1
82	2016-04-21	VACCINATIONS	05	2	1
27	2016-04-21	VACCINATIONS	05	2	2
77	2016-04-21	VACCINATIONS	05	2	1
61	2016-04-21	VACCINATIONS	05	2	3
87	2016-04-21	VACCINATIONS	05	2	3
93	2016-04-21	VACCINATIONS	05	2	2
42	2016-04-22	VACCINATIONS	05	2	3
77	2016-04-22	VACCINATIONS	05	2	1
57	2016-04-22	VACCINATIONS	05	2	1
96	2016-04-22	VACCINATIONS	05	2	3
26	2016-04-22	VACCINATIONS	05	2	4
26	2016-04-22	VACCINATIONS	05	2	1
91	2016-04-22	VACCINATIONS	05	2	4
35	2016-04-22	VACCINATIONS	05	2	2
94	2016-04-22	VACCINATIONS	05	2	1
5	2016-04-22	VACCINATIONS	05	2	4
4	2016-04-23	VACCINATIONS	05	2	3
54	2016-04-24	VACCINATIONS	05	2	3
56	2016-04-24	VACCINATIONS	05	2	4
82	2016-04-24	VACCINATIONS	05	2	1
32	2016-04-24	VACCINATIONS	05	2	4
24	2016-04-24	VACCINATIONS	05	2	4
73	2016-04-24	VACCINATIONS	05	2	4
101	2016-04-24	VACCINATIONS	05	2	3
20	2016-04-24	VACCINATIONS	05	2	3
49	2016-04-25	VACCINATIONS	05	2	2
57	2016-04-25	VACCINATIONS	05	2	4
7	2016-04-25	VACCINATIONS	05	2	4
29	2016-04-25	VACCINATIONS	05	2	3
78	2016-04-26	VACCINATIONS	05	2	2
39	2016-04-26	VACCINATIONS	05	2	1
9	2016-04-30	VACCINATIONS	05	2	3
4	2016-04-30	VACCINATIONS	05	2	3
14	2016-04-30	VACCINATIONS	05	2	1
70	2016-05-01	VACCINATIONS	05	2	2
91	2016-05-01	VACCINATIONS	05	2	1
6	2016-05-01	VACCINATIONS	05	2	3
11	2016-05-01	VACCINATIONS	05	2	1
67	2016-05-01	VACCINATIONS	05	2	2
62	2016-05-01	VACCINATIONS	05	2	4
5	2016-05-01	VACCINATIONS	05	2	3
93	2016-05-01	VACCINATIONS	05	2	1
88	2016-05-01	VACCINATIONS	01	2	1
96	2016-05-02	VACCINATIONS	05	2	3
26	2016-05-02	VACCINATIONS	05	2	3
80	2016-05-02	VACCINATIONS	05	2	2
100	2016-05-04	VACCINATIONS	03	2	2
29	2016-05-04	VACCINATIONS	05	2	2
33	2016-05-04	VACCINATIONS	05	2	4
55	2016-05-04	VACCINATIONS	05	2	1
10	2016-05-04	VACCINATIONS	05	2	2
65	2016-05-04	VACCINATIONS	05	2	3
78	2016-05-04	VACCINATIONS	05	2	1
83	2016-05-04	VACCINATIONS	05	2	2
64	2016-05-04	VACCINATIONS	05	2	1
97	2016-05-04	VACCINATIONS	05	2	3
30	2016-05-04	VACCINATIONS	05	2	4
20	2016-05-04	VACCINATIONS	05	2	4
2	2016-05-05	VACCINATIONS	05	2	3
58	2016-05-05	VACCINATIONS	05	2	3
98	2016-05-06	VACCINATIONS	05	2	2
41	2016-05-06	VACCINATIONS	05	2	3
67	2016-05-07	VACCINATIONS	05	2	1
1	2016-05-07	VACCINATIONS	05	2	4
55	2016-05-07	VACCINATIONS	05	2	4
35	2016-05-07	VACCINATIONS	05	2	3
91	2016-05-07	VACCINATIONS	05	2	1
60	2016-05-07	VACCINATIONS	05	2	3
46	2016-05-07	VACCINATIONS	05	2	3
56	2016-05-07	VACCINATIONS	05	2	2
21	2016-05-08	VACCINATIONS	05	2	2
50	2016-05-08	VACCINATIONS	05	2	2
47	2016-05-08	VACCINATIONS	05	2	2
7	2016-05-08	VACCINATIONS	05	2	3
44	2016-05-08	VACCINATIONS	05	2	1
73	2016-05-08	VACCINATIONS	05	2	1
86	2016-05-08	VACCINATIONS	05	2	4
42	2016-05-08	VACCINATIONS	05	2	3
101	2016-05-08	VACCINATIONS	05	2	2
18	2016-05-08	VACCINATIONS	05	2	3
96	2016-05-08	VACCINATIONS	05	2	4
10	2016-05-08	VACCINATIONS	05	2	4
82	2016-05-08	VACCINATIONS	05	2	1
73	2016-05-08	VACCINATIONS	05	2	4
92	2016-05-08	VACCINATIONS	05	2	2
44	2016-05-08	VACCINATIONS	05	2	2
68	2016-05-08	VACCINATIONS	05	2	3
20	2016-05-08	VACCINATIONS	05	2	1
64	2016-05-08	VACCINATIONS	02	2	1
70	2016-05-09	VACCINATIONS	05	2	1
78	2016-05-09	VACCINATIONS	05	2	3
61	2016-05-09	VACCINATIONS	05	2	2
10	2016-05-09	VACCINATIONS	05	2	3
43	2016-05-10	VACCINATIONS	05	2	4
61	2016-05-10	VACCINATIONS	05	2	2
64	2016-05-10	VACCINATIONS	05	2	3
78	2016-05-10	VACCINATIONS	05	2	3
50	2016-05-10	VACCINATIONS	05	2	2
23	2016-05-12	VACCINATIONS	05	2	1
22	2016-05-12	VACCINATIONS	05	2	1
5	2016-05-12	VACCINATIONS	05	2	3
43	2016-05-12	VACCINATIONS	05	2	3
72	2016-05-12	VACCINATIONS	05	2	3
51	2016-05-12	VACCINATIONS	05	2	1
50	2016-05-12	VACCINATIONS	05	2	1
14	2016-05-12	VACCINATIONS	05	2	4
23	2016-05-12	VACCINATIONS	05	2	1
34	2016-05-12	VACCINATIONS	05	2	4
56	2016-05-12	VACCINATIONS	05	2	2
22	2016-05-12	VACCINATIONS	05	2	3
52	2016-05-12	VACCINATIONS	05	2	2
51	2016-05-14	VACCINATIONS	05	2	2
32	2016-05-14	VACCINATIONS	05	2	3
32	2016-05-14	VACCINATIONS	05	2	3
22	2016-05-15	VACCINATIONS	05	2	1
23	2016-05-15	VACCINATIONS	05	2	4
76	2016-05-15	VACCINATIONS	05	2	4
90	2016-05-15	VACCINATIONS	05	2	4
43	2016-05-15	VACCINATIONS	05	2	1
38	2016-05-15	VACCINATIONS	06	2	1
59	2016-05-17	VACCINATIONS	05	2	4
19	2016-05-17	VACCINATIONS	05	2	3
98	2016-05-17	VACCINATIONS	05	2	3
69	2016-05-18	VACCINATIONS	03	2	3
62	2016-05-18	VACCINATIONS	05	2	3
57	2016-05-18	VACCINATIONS	02	2	4
31	2016-05-19	VACCINATIONS	05	2	1
38	2016-05-19	VACCINATIONS	05	2	1
6	2016-05-19	VACCINATIONS	05	2	1
53	2016-05-21	VACCINATIONS	05	2	1
60	2016-05-21	VACCINATIONS	05	2	2
10	2016-05-22	VACCINATIONS	05	2	4
96	2016-05-22	VACCINATIONS	05	2	4
30	2016-05-22	VACCINATIONS	05	2	1
61	2016-05-23	VACCINATIONS	05	2	1
44	2016-05-24	VACCINATIONS	03	2	4
44	2016-05-24	VACCINATIONS	05	2	4
83	2016-05-24	VACCINATIONS	05	2	2
78	2016-05-24	VACCINATIONS	05	2	3
100	2016-05-24	VACCINATIONS	05	2	2
4	2016-05-24	VACCINATIONS	05	2	4
28	2016-05-24	VACCINATIONS	05	2	4
50	2016-05-24	VACCINATIONS	05	2	3
35	2016-05-24	VACCINATIONS	05	2	3
59	2016-05-24	VACCINATIONS	05	2	3
72	2016-05-24	VACCINATIONS	05	2	4
58	2016-05-25	VACCINATIONS	02	2	2
34	2016-05-25	VACCINATIONS	05	2	2
60	2016-05-25	VACCINATIONS	05	2	3
100	2016-05-25	VACCINATIONS	05	2	2
71	2016-05-25	VACCINATIONS	05	2	2
18	2016-05-26	VACCINATIONS	05	2	3
17	2016-05-27	VACCINATIONS	05	2	1
68	2016-05-28	VACCINATIONS	01	2	4
86	2016-05-28	VACCINATIONS	06	2	2
79	2016-05-28	VACCINATIONS	05	2	4
24	2016-05-28	VACCINATIONS	05	2	4
16	2016-05-28	VACCINATIONS	05	2	2
15	2016-05-28	VACCINATIONS	05	2	4
29	2016-05-28	VACCINATIONS	05	2	1
68	2016-05-28	VACCINATIONS	05	2	3
75	2016-05-28	VACCINATIONS	05	2	2
39	2016-05-28	VACCINATIONS	05	2	1
63	2016-05-28	VACCINATIONS	05	2	2
4	2016-05-28	VACCINATIONS	05	2	2
100	2016-05-28	VACCINATIONS	05	2	1
5	2016-05-28	VACCINATIONS	01	2	1
47	2016-05-28	VACCINATIONS	01	2	2
81	2016-05-29	VACCINATIONS	06	2	2
83	2016-05-29	VACCINATIONS	05	2	4
46	2016-05-29	VACCINATIONS	05	2	3
84	2016-05-30	VACCINATIONS	05	2	2
9	2016-05-30	VACCINATIONS	05	2	4
95	2016-05-30	VACCINATIONS	05	2	1
18	2016-05-30	VACCINATIONS	05	2	4
68	2016-05-30	VACCINATIONS	05	2	2
65	2016-06-04	VACCINATIONS	05	2	4
76	2016-06-04	VACCINATIONS	05	2	3
101	2016-06-04	VACCINATIONS	05	2	1
24	2016-06-05	VACCINATIONS	05	2	2
74	2016-06-06	VACCINATIONS	05	2	4
71	2016-06-06	VACCINATIONS	05	2	4
41	2016-06-08	VACCINATIONS	05	2	3
91	2016-06-08	VACCINATIONS	05	2	4
37	2016-06-08	VACCINATIONS	03	2	1
26	2016-06-09	VACCINATIONS	05	2	3
68	2016-06-10	VACCINATIONS	05	2	2
61	2016-06-10	VACCINATIONS	05	2	4
41	2016-06-11	VACCINATIONS	05	2	2
82	2016-06-12	VACCINATIONS	05	2	1
89	2016-06-12	VACCINATIONS	05	2	3
8	2016-06-14	VACCINATIONS	05	2	3
56	2016-06-14	VACCINATIONS	05	2	4
27	2016-06-15	VACCINATIONS	05	2	3
70	2016-06-15	VACCINATIONS	05	2	1
59	2016-06-15	VACCINATIONS	04	2	3
25	2016-06-16	VACCINATIONS	05	2	3
75	2016-06-16	VACCINATIONS	05	2	4
5	2016-06-17	VACCINATIONS	05	2	2
5	2016-06-17	VACCINATIONS	05	2	2
56	2016-06-20	VACCINATIONS	05	2	3
50	2016-06-20	VACCINATIONS	05	2	2
88	2016-06-21	VACCINATIONS	05	2	2
64	2016-06-21	VACCINATIONS	05	2	4
43	2016-06-21	VACCINATIONS	05	2	4
5	2016-06-22	VACCINATIONS	05	2	2
31	2016-06-23	VACCINATIONS	05	2	1
7	2016-06-23	VACCINATIONS	05	2	3
80	2016-06-23	VACCINATIONS	05	2	4
30	2016-06-23	VACCINATIONS	05	2	2
30	2016-06-23	VACCINATIONS	05	2	1
53	2016-06-24	VACCINATIONS	05	2	4
100	2016-06-25	VACCINATIONS	05	2	1
71	2016-06-25	VACCINATIONS	05	2	4
42	2016-06-25	VACCINATIONS	05	2	4
36	2016-06-25	VACCINATIONS	05	2	2
96	2016-06-25	VACCINATIONS	05	2	2
8	2016-06-25	VACCINATIONS	05	2	1
96	2016-06-25	VACCINATIONS	05	2	1
35	2016-06-25	VACCINATIONS	05	2	4
90	2016-06-25	VACCINATIONS	05	2	1
84	2016-06-25	VACCINATIONS	04	2	4
43	2016-06-25	VACCINATIONS	05	2	2
44	2016-06-26	VACCINATIONS	05	2	1
10	2016-06-26	VACCINATIONS	05	2	3
11	2016-06-26	VACCINATIONS	05	2	2
2	2016-06-26	VACCINATIONS	05	2	4
34	2016-06-26	VACCINATIONS	05	2	1
85	2016-06-26	VACCINATIONS	05	2	2
6	2016-06-27	VACCINATIONS	05	2	1
38	2016-06-27	VACCINATIONS	05	2	3
40	2016-06-27	VACCINATIONS	05	2	4
55	2016-06-27	VACCINATIONS	05	2	2
25	2016-06-28	VACCINATIONS	05	2	4
3	2016-06-29	VACCINATIONS	05	2	3
98	2016-06-29	VACCINATIONS	05	2	2
30	2016-07-01	VACCINATIONS	05	3	4
33	2016-07-01	VACCINATIONS	05	3	1
4	2016-07-02	VACCINATIONS	05	3	4
9	2016-07-02	VACCINATIONS	05	3	3
63	2016-07-05	VACCINATIONS	05	3	2
33	2016-07-05	VACCINATIONS	05	3	1
61	2016-07-05	VACCINATIONS	05	3	2
62	2016-07-06	VACCINATIONS	05	3	3
3	2016-07-06	VACCINATIONS	05	3	4
2	2016-07-06	VACCINATIONS	05	3	2
97	2016-07-06	VACCINATIONS	05	3	1
98	2016-07-06	VACCINATIONS	05	3	4
9	2016-07-06	VACCINATIONS	05	3	4
92	2016-07-06	VACCINATIONS	05	3	1
32	2016-07-06	VACCINATIONS	05	3	2
99	2016-07-06	VACCINATIONS	05	3	3
74	2016-07-06	VACCINATIONS	05	3	4
74	2016-07-06	VACCINATIONS	05	3	3
42	2016-07-06	VACCINATIONS	05	3	4
83	2016-07-06	VACCINATIONS	05	3	3
85	2016-07-06	VACCINATIONS	05	3	3
43	2016-07-06	VACCINATIONS	05	3	1
16	2016-07-06	VACCINATIONS	05	3	4
69	2016-07-06	VACCINATIONS	05	3	3
48	2016-07-07	VACCINATIONS	05	3	1
53	2016-07-07	VACCINATIONS	05	3	1
7	2016-07-08	VACCINATIONS	05	3	2
2	2016-07-08	VACCINATIONS	05	3	4
78	2016-07-09	VACCINATIONS	05	3	4
9	2016-07-09	VACCINATIONS	05	3	3
100	2016-07-10	VACCINATIONS	05	3	4
7	2016-07-10	VACCINATIONS	05	3	3
41	2016-07-10	VACCINATIONS	05	3	3
2	2016-07-10	VACCINATIONS	05	3	3
15	2016-07-10	VACCINATIONS	05	3	2
3	2016-07-10	VACCINATIONS	05	3	1
35	2016-07-10	VACCINATIONS	05	3	4
76	2016-07-11	VACCINATIONS	05	3	3
64	2016-07-11	VACCINATIONS	05	3	4
38	2016-07-11	VACCINATIONS	05	3	3
77	2016-07-11	VACCINATIONS	05	3	4
59	2016-07-12	VACCINATIONS	05	3	4
34	2016-07-12	VACCINATIONS	05	3	3
86	2016-01-12	HOSPITALIZATION	01	1	4
50	2016-01-13	GROOMING	03	1	1
66	2016-01-13	GROOMING	03	1	4
83	2016-01-13	GROOMING	01	1	3
22	2016-01-14	GROOMING	01	1	4
39	2016-07-13	VACCINATIONS	05	3	3
23	2016-07-13	VACCINATIONS	05	3	2
4	2016-07-13	VACCINATIONS	05	3	2
22	2016-07-13	VACCINATIONS	05	3	1
66	2016-07-13	VACCINATIONS	05	3	3
19	2016-07-14	VACCINATIONS	05	3	1
90	2016-07-15	VACCINATIONS	05	3	4
13	2016-07-15	VACCINATIONS	05	3	4
72	2016-07-15	VACCINATIONS	05	3	2
96	2016-07-16	VACCINATIONS	05	3	1
15	2016-07-16	VACCINATIONS	05	3	3
49	2016-01-16	VACCINATIONS	05	1	1
4	2016-01-16	VACCINATIONS	05	1	4
13	2016-01-16	VACCINATIONS	05	1	2
55	2016-01-18	VACCINATIONS	05	1	4
45	2016-01-20	VACCINATIONS	05	1	3
15	2016-01-21	VACCINATIONS	05	1	1
70	2016-01-22	VACCINATIONS	05	1	1
47	2016-01-22	VACCINATIONS	05	1	4
50	2016-01-22	VACCINATIONS	05	1	1
44	2016-01-22	VACCINATIONS	05	1	3
9	2016-01-22	VACCINATIONS	05	1	3
87	2016-01-22	VACCINATIONS	05	1	3
20	2016-01-22	VACCINATIONS	05	1	3
68	2016-01-22	VACCINATIONS	05	1	3
20	2016-01-22	VACCINATIONS	05	1	2
4	2016-01-23	VACCINATIONS	05	1	2
16	2016-01-23	VACCINATIONS	05	1	3
85	2016-01-24	VACCINATIONS	05	1	1
87	2016-01-24	VACCINATIONS	05	1	4
37	2016-01-25	VACCINATIONS	05	1	2
23	2016-01-16	GROOMING	03	1	4
9	2016-07-04	VACCINATIONS	05	3	4
41	2016-07-04	VACCINATIONS	05	3	2
44	2016-07-04	VACCINATIONS	05	3	3
74	2016-07-04	VACCINATIONS	05	3	1
60	2016-07-04	VACCINATIONS	05	3	2
32	2016-07-04	VACCINATIONS	05	3	2
86	2016-04-08	GENERAL SURGERIES	03	2	2
31	2016-04-09	GENERAL SURGERIES	03	2	4
27	2016-04-12	GENERAL SURGERIES	03	2	3
101	2016-04-13	GENERAL SURGERIES	04	2	3
79	2016-04-13	GENERAL SURGERIES	03	2	4
30	2016-04-17	GENERAL SURGERIES	03	2	4
12	2016-04-18	GENERAL SURGERIES	012	2	4
33	2016-04-18	GENERAL SURGERIES	03	2	2
74	2016-04-21	GENERAL SURGERIES	05	2	4
27	2016-04-21	GENERAL SURGERIES	03	2	1
1	2016-04-21	GENERAL SURGERIES	03	2	1
20	2016-04-22	GENERAL SURGERIES	03	2	3
77	2016-04-24	GENERAL SURGERIES	07	2	4
45	2016-04-28	GENERAL SURGERIES	02	2	1
28	2016-04-28	GENERAL SURGERIES	016	2	3
62	2016-04-30	GENERAL SURGERIES	010	2	4
64	2016-05-01	GENERAL SURGERIES	03	2	4
95	2016-05-01	GENERAL SURGERIES	03	2	4
82	2016-05-30	VACCINATIONS	05	2	1
68	2016-05-30	VACCINATIONS	05	2	2
9	2016-05-30	VACCINATIONS	05	2	3
66	2016-05-30	VACCINATIONS	05	2	3
53	2016-06-01	VACCINATIONS	05	2	4
46	2016-06-01	VACCINATIONS	05	2	4
88	2016-06-02	VACCINATIONS	05	2	1
62	2016-06-02	VACCINATIONS	05	2	4
86	2016-06-02	VACCINATIONS	05	2	4
30	2016-06-02	VACCINATIONS	05	2	2
34	2016-06-02	VACCINATIONS	05	2	3
45	2016-06-02	VACCINATIONS	05	2	4
62	2016-06-02	VACCINATIONS	05	2	4
19	2016-06-02	VACCINATIONS	05	2	3
75	2016-06-02	VACCINATIONS	05	2	4
89	2016-06-02	VACCINATIONS	05	2	3
18	2016-06-02	VACCINATIONS	05	2	1
53	2016-06-02	VACCINATIONS	05	2	4
18	2016-06-02	VACCINATIONS	05	2	1
30	2016-06-02	VACCINATIONS	06	2	2
85	2016-06-03	VACCINATIONS	05	2	1
92	2016-06-04	VACCINATIONS	05	2	2
57	2016-06-29	VACCINATIONS	05	2	2
86	2016-06-29	VACCINATIONS	05	2	4
10	2016-06-29	VACCINATIONS	05	2	4
32	2016-06-29	VACCINATIONS	05	2	1
30	2016-06-30	VACCINATIONS	05	2	1
37	2016-06-30	VACCINATIONS	05	2	1
94	2016-06-30	VACCINATIONS	05	2	1
94	2016-06-30	VACCINATIONS	05	2	2
30	2016-07-01	VACCINATIONS	05	3	4
74	2016-07-01	VACCINATIONS	05	3	4
60	2016-07-01	VACCINATIONS	05	3	3
39	2016-07-01	VACCINATIONS	05	3	2
38	2016-07-01	VACCINATIONS	05	3	4
69	2016-10-22	GENERAL SURGERIES	07	4	4
98	2016-10-22	GENERAL SURGERIES	03	4	4
77	2016-10-23	GENERAL SURGERIES	08	4	4
11	2016-11-02	GENERAL SURGERIES	08	4	3
1	2016-10-13	GROOMING	03	4	4
22	2016-09-09	VACCINATIONS	05	3	1
65	2016-02-17	GROOMING	03	1	1
39	2016-09-10	VACCINATIONS	05	3	3
82	2016-09-10	VACCINATIONS	05	3	1
83	2016-09-10	VACCINATIONS	05	3	4
22	2016-09-10	VACCINATIONS	05	3	1
95	2016-09-11	VACCINATIONS	05	3	3
85	2016-02-20	GROOMING	03	1	4
1	2016-02-20	GROOMING	03	1	4
71	2016-11-06	GENERAL SURGERIES	07	4	3
75	2016-11-06	GENERAL SURGERIES	010	4	4
76	2016-11-03	OFFICE FEES	03	4	2
21	2016-11-06	GENERAL SURGERIES	03	4	4
23	2016-11-06	GENERAL SURGERIES	03	4	2
96	2016-11-08	GENERAL SURGERIES	03	4	2
88	2016-10-13	VACCINATIONS	05	4	4
27	2016-04-07	GROOMING	01	2	4
67	2016-04-08	OFFICE FEES	03	2	2
48	2016-10-19	VACCINATIONS	05	4	2
95	2016-10-19	VACCINATIONS	05	4	3
1	2016-10-19	VACCINATIONS	05	4	2
37	2016-10-19	VACCINATIONS	05	4	3
59	2016-10-19	VACCINATIONS	05	4	4
39	2016-10-20	VACCINATIONS	05	4	3
83	2016-10-20	VACCINATIONS	05	4	3
27	2016-10-20	VACCINATIONS	05	4	2
53	2016-04-12	GROOMING	03	2	1
8	2016-04-12	GROOMING	01	2	2
77	2016-04-12	GROOMING	01	2	2
12	2016-10-21	VACCINATIONS	05	4	3
8	2016-10-21	VACCINATIONS	05	4	4
93	2016-10-21	VACCINATIONS	05	4	1
89	2016-10-03	VACCINATIONS	05	4	1
3	2016-10-03	VACCINATIONS	05	4	2
26	2016-10-04	VACCINATIONS	05	4	4
91	2016-10-05	VACCINATIONS	05	4	2
92	2016-10-05	VACCINATIONS	05	4	4
8	2016-10-05	VACCINATIONS	05	4	3
49	2016-10-05	VACCINATIONS	05	4	3
67	2016-10-06	VACCINATIONS	05	4	2
57	2016-10-06	VACCINATIONS	05	4	3
93	2016-10-06	VACCINATIONS	05	4	1
91	2016-10-07	VACCINATIONS	05	4	1
60	2016-10-08	VACCINATIONS	06	4	3
28	2016-10-08	VACCINATIONS	05	4	1
47	2016-03-19	GROOMING	01	1	2
29	2016-03-19	GROOMING	01	1	1
55	2016-03-20	GROOMING	03	1	1
12	2016-10-21	VACCINATIONS	05	4	3
77	2016-04-13	GROOMING	03	2	3
49	2016-04-13	GROOMING	01	2	4
13	2016-10-22	VACCINATIONS	05	4	1
82	2016-11-07	VACCINATIONS	03	4	4
68	2016-11-08	VACCINATIONS	05	4	4
43	2016-05-06	GROOMING	01	2	3
40	2016-05-06	GROOMING	01	2	4
73	2016-11-08	VACCINATIONS	05	4	1
44	2016-11-08	VACCINATIONS	05	4	2
6	2016-11-08	VACCINATIONS	05	4	1
74	2016-11-08	VACCINATIONS	05	4	4
10	2016-11-08	VACCINATIONS	02	4	2
79	2016-11-08	VACCINATIONS	05	4	3
72	2016-11-09	VACCINATIONS	05	4	3
53	2016-11-09	VACCINATIONS	05	4	3
82	2016-05-07	OFFICE FEES	03	2	1
60	2016-11-10	VACCINATIONS	05	4	1
74	2016-11-12	VACCINATIONS	05	4	4
47	2016-11-14	VACCINATIONS	02	4	4
76	2016-11-14	VACCINATIONS	05	4	4
41	2016-11-15	VACCINATIONS	05	4	2
63	2016-11-15	VACCINATIONS	05	4	2
52	2016-11-16	VACCINATIONS	05	4	1
11	2016-04-22	ORTHOPEDIC	09	2	1
77	2016-04-22	ORTHOPEDIC	01	2	2
47	2016-05-02	ORTHOPEDIC	07	2	3
87	2016-05-05	ORTHOPEDIC	07	2	1
63	2016-11-19	VACCINATIONS	05	4	3
5	2016-12-01	VACCINATIONS	05	4	3
12	2016-01-12	GENERAL SURGERIES	06	1	2
84	2016-01-12	GENERAL SURGERIES	03	1	4
24	2016-01-13	GENERAL SURGERIES	014	1	4
73	2016-01-15	GENERAL SURGERIES	03	1	1
69	2016-01-16	ORTHOPEDIC	02	1	1
54	2016-07-02	VACCINATIONS	05	3	4
6	2016-07-02	VACCINATIONS	05	3	4
12	2016-07-02	VACCINATIONS	05	3	2
14	2016-07-02	VACCINATIONS	05	3	4
25	2016-07-04	VACCINATIONS	04	3	3
86	2016-07-04	VACCINATIONS	05	3	3
1	2016-07-04	VACCINATIONS	05	3	4
12	2016-12-02	VACCINATIONS	05	4	4
28	2016-11-16	VACCINATIONS	05	4	3
22	2016-05-08	GROOMING	03	2	3
91	2016-05-08	GROOMING	03	2	2
94	2016-05-08	GROOMING	01	2	2
12	2016-11-16	VACCINATIONS	05	4	4
13	2016-11-16	VACCINATIONS	05	4	3
33	2016-11-16	VACCINATIONS	05	4	1
42	2016-11-16	VACCINATIONS	05	4	1
99	2016-11-17	VACCINATIONS	05	4	2
24	2016-11-18	VACCINATIONS	05	4	1
83	2016-11-19	VACCINATIONS	05	4	4
60	2016-11-19	VACCINATIONS	05	4	2
62	2016-11-19	VACCINATIONS	05	4	3
8	2016-11-19	VACCINATIONS	05	4	3
82	2016-12-02	VACCINATIONS	05	4	4
73	2016-05-22	OFFICE FEES	02	2	4
16	2016-05-22	GROOMING	03	2	2
78	2016-05-22	GROOMING	03	2	1
79	2016-05-22	GROOMING	03	2	4
47	2016-12-02	VACCINATIONS	05	4	1
52	2016-12-07	VACCINATIONS	05	4	2
55	2016-12-07	VACCINATIONS	05	4	4
63	2016-12-07	VACCINATIONS	05	4	4
91	2016-12-07	VACCINATIONS	05	4	3
63	2016-12-07	VACCINATIONS	05	4	4
96	2016-12-07	VACCINATIONS	05	4	3
10	2016-12-07	VACCINATIONS	05	4	3
43	2016-12-08	VACCINATIONS	05	4	4
44	2016-12-08	VACCINATIONS	05	4	4
6	2016-12-08	VACCINATIONS	05	4	3
101	2016-06-02	GROOMING	03	2	3
97	2016-12-16	VACCINATIONS	05	4	1
87	2016-06-21	GROOMING	01	2	1
99	2016-12-22	VACCINATIONS	05	4	3
34	2016-06-22	OFFICE FEES	01	2	2
52	2016-12-22	VACCINATIONS	05	4	1
56	2016-12-22	VACCINATIONS	05	4	2
72	2016-12-22	VACCINATIONS	05	4	1
54	2016-12-22	VACCINATIONS	05	4	1
61	2016-12-22	VACCINATIONS	05	4	4
25	2016-06-23	GROOMING	03	2	4
56	2016-06-23	GROOMING	01	2	2
78	2016-12-22	VACCINATIONS	05	4	4
64	2016-06-25	OFFICE FEES	02	2	1
73	2016-12-22	VACCINATIONS	05	4	2
39	2016-12-22	VACCINATIONS	05	4	2
29	2016-12-22	VACCINATIONS	02	4	2
93	2016-12-23	VACCINATIONS	05	4	3
44	2016-12-23	VACCINATIONS	05	4	4
37	2016-12-23	VACCINATIONS	05	4	3
6	2016-06-02	ORTHOPEDIC	07	2	4
86	2016-06-02	ORTHOPEDIC	04	2	3
79	2016-06-04	ORTHOPEDIC	06	2	3
93	2016-06-07	ORTHOPEDIC	03	2	3
56	2016-06-14	ORTHOPEDIC	08	2	1
24	2016-06-25	GROOMING	03	2	2
59	2016-06-21	ORTHOPEDIC	03	2	4
91	2016-06-24	ORTHOPEDIC	06	2	4
24	2016-06-26	GROOMING	03	2	1
59	2016-06-26	GROOMING	03	2	3
54	2016-06-26	GROOMING	01	2	1
69	2016-06-26	GROOMING	01	2	3
55	2016-06-29	GROOMING	01	2	3
39	2016-06-29	GROOMING	01	2	1
66	2016-06-29	GROOMING	01	2	2
89	2016-12-27	VACCINATIONS	05	4	1
90	2016-12-27	VACCINATIONS	05	4	2
21	2016-12-27	VACCINATIONS	05	4	4
59	2016-12-27	VACCINATIONS	05	4	1
42	2016-06-30	GROOMING	03	2	2
81	2016-06-30	GROOMING	03	2	3
83	2016-12-27	VACCINATIONS	05	4	1
98	2016-12-28	VACCINATIONS	05	4	4
57	2016-12-28	VACCINATIONS	05	4	3
46	2016-12-28	VACCINATIONS	05	4	1
69	2016-12-28	VACCINATIONS	05	4	1
95	2016-12-28	VACCINATIONS	05	4	4
74	2016-12-28	VACCINATIONS	05	4	3
61	2016-07-01	GROOMING	03	3	3
38	2016-07-01	GROOMING	03	3	4
10	2016-07-01	GROOMING	01	3	1
66	2016-07-01	GROOMING	01	3	3
23	2016-07-01	GROOMING	01	3	2
89	2016-12-28	VACCINATIONS	05	4	3
57	2016-12-28	VACCINATIONS	05	4	1
78	2016-12-28	VACCINATIONS	05	4	3
12	2016-12-28	VACCINATIONS	05	4	1
15	2016-12-23	VACCINATIONS	05	4	1
68	2016-12-23	VACCINATIONS	05	4	3
35	2016-12-23	VACCINATIONS	05	4	1
74	2016-12-25	VACCINATIONS	05	4	3
42	2016-07-04	VACCINATIONS	02	3	2
37	2016-07-05	VACCINATIONS	05	3	1
18	2016-07-05	VACCINATIONS	05	3	4
72	2016-07-05	VACCINATIONS	05	3	4
21	2016-07-17	VACCINATIONS	05	3	4
8	2016-07-17	VACCINATIONS	05	3	3
27	2016-07-17	VACCINATIONS	05	3	2
6	2016-01-16	GROOMING	01	1	1
18	2016-01-16	GROOMING	01	1	2
59	2016-01-16	GROOMING	01	1	2
35	2016-01-17	GROOMING	01	1	1
20	2016-12-26	VACCINATIONS	05	4	4
3	2016-06-28	GROOMING	01	2	2
27	2016-12-26	VACCINATIONS	05	4	4
58	2016-12-27	VACCINATIONS	05	4	1
68	2016-12-27	VACCINATIONS	05	4	2
15	2016-12-27	VACCINATIONS	05	4	1
47	2016-12-27	VACCINATIONS	05	4	4
88	2016-12-27	VACCINATIONS	05	4	2
73	2016-12-28	VACCINATIONS	05	4	2
88	2016-12-29	VACCINATIONS	05	4	3
67	2016-07-02	GROOMING	03	3	2
55	2016-12-30	VACCINATIONS	05	4	2
84	2016-12-30	VACCINATIONS	05	4	1
23	2016-12-30	VACCINATIONS	05	4	3
100	2016-12-30	VACCINATIONS	05	4	2
52	2016-12-31	VACCINATIONS	05	4	1
17	2016-12-31	VACCINATIONS	05	4	1
73	2016-01-10	VACCINATIONS	05	1	1
11	2016-01-11	VACCINATIONS	05	1	4
54	2016-01-11	VACCINATIONS	05	1	2
82	2016-01-11	VACCINATIONS	05	1	3
77	2016-07-04	GROOMING	03	3	2
76	2016-01-12	VACCINATIONS	05	1	1
70	2016-01-12	VACCINATIONS	05	1	4
33	2016-01-12	VACCINATIONS	05	1	1
53	2016-01-12	VACCINATIONS	05	1	1
81	2016-01-13	VACCINATIONS	05	1	4
47	2016-01-13	VACCINATIONS	05	1	3
19	2016-01-13	VACCINATIONS	05	1	1
15	2016-01-13	VACCINATIONS	05	1	2
20	2016-01-13	VACCINATIONS	05	1	1
38	2016-01-13	VACCINATIONS	05	1	1
17	2016-01-13	VACCINATIONS	05	1	4
47	2016-01-13	VACCINATIONS	05	1	4
96	2016-01-16	VACCINATIONS	03	1	2
84	2016-01-16	VACCINATIONS	05	1	1
61	2016-01-16	VACCINATIONS	05	1	1
41	2016-01-16	VACCINATIONS	05	1	2
71	2016-01-16	VACCINATIONS	05	1	3
32	2016-01-16	VACCINATIONS	05	1	3
28	2016-01-16	VACCINATIONS	05	1	4
37	2016-01-16	VACCINATIONS	05	1	4
87	2016-01-16	VACCINATIONS	05	1	4
11	2016-01-16	VACCINATIONS	05	1	1
59	2016-01-16	VACCINATIONS	05	1	3
85	2016-07-06	GROOMING	01	3	2
62	2016-07-06	GROOMING	03	3	2
75	2016-07-06	GROOMING	03	3	4
56	2016-07-06	GROOMING	03	3	2
73	2016-07-06	GROOMING	03	3	2
28	2016-01-16	VACCINATIONS	05	1	1
37	2016-01-16	VACCINATIONS	05	1	1
48	2016-01-16	VACCINATIONS	05	1	4
3	2016-01-16	VACCINATIONS	05	1	1
5	2016-01-16	VACCINATIONS	05	1	4
80	2016-01-16	VACCINATIONS	05	1	4
55	2016-12-18	VACCINATIONS	05	4	1
86	2016-12-18	VACCINATIONS	05	4	4
26	2016-01-16	GENERAL SURGERIES	06	1	2
73	2016-01-18	GENERAL SURGERIES	03	1	2
100	2016-01-22	GENERAL SURGERIES	03	1	2
45	2016-01-23	GENERAL SURGERIES	015	1	3
10	2016-01-25	GENERAL SURGERIES	015	1	2
15	2016-07-10	GROOMING	03	3	1
91	2016-07-10	GROOMING	01	3	3
4	2016-01-26	GENERAL SURGERIES	03	1	3
99	2016-01-27	GENERAL SURGERIES	01	1	1
51	2016-06-27	ORTHOPEDIC	04	2	3
45	2016-07-10	ORTHOPEDIC	06	3	4
69	2016-07-12	GROOMING	03	3	3
82	2016-07-12	GROOMING	03	3	1
72	2016-07-12	GROOMING	01	3	4
4	2016-07-13	GROOMING	03	3	3
68	2016-07-13	GROOMING	01	3	1
82	2016-07-13	GROOMING	01	3	1
63	2016-07-16	ORTHOPEDIC	01	3	2
51	2016-07-20	ORTHOPEDIC	07	3	2
43	2016-07-21	ORTHOPEDIC	08	3	3
36	2016-07-16	GROOMING	03	3	1
6	2016-07-16	GROOMING	03	3	3
14	2016-07-21	ORTHOPEDIC	09	3	4
64	2016-07-28	ORTHOPEDIC	02	3	1
43	2016-07-31	ORTHOPEDIC	09	3	3
62	2016-08-01	ORTHOPEDIC	07	3	3
66	2016-07-17	GROOMING	02	3	1
48	2016-07-17	HOSPITALIZATION	01	3	3
41	2016-07-17	GROOMING	01	3	3
19	2016-07-18	GROOMING	01	3	2
32	2016-07-18	GROOMING	01	3	2
66	2016-07-16	VACCINATIONS	05	3	4
92	2016-07-16	VACCINATIONS	05	3	3
30	2016-07-16	VACCINATIONS	05	3	4
10	2016-07-16	VACCINATIONS	05	3	3
1	2016-07-16	VACCINATIONS	05	3	1
54	2016-07-17	VACCINATIONS	05	3	3
52	2016-01-18	GROOMING	01	1	2
27	2016-01-19	OFFICE FEES	03	1	3
84	2016-07-18	VACCINATIONS	05	3	3
24	2016-01-20	GROOMING	01	1	2
87	2016-07-18	VACCINATIONS	05	3	3
21	2016-08-03	VACCINATIONS	05	3	3
62	2016-02-02	GROOMING	03	1	1
98	2016-02-02	GROOMING	03	1	3
3	2016-02-02	GROOMING	03	1	1
85	2016-02-02	GROOMING	03	1	1
70	2016-02-02	GROOMING	01	1	1
71	2016-02-02	GROOMING	01	1	3
37	2016-02-02	GROOMING	01	1	4
45	2016-07-16	VACCINATIONS	05	3	4
101	2016-07-16	VACCINATIONS	05	3	1
5	2016-07-16	VACCINATIONS	05	3	4
43	2016-07-16	VACCINATIONS	05	3	1
50	2016-07-16	VACCINATIONS	05	3	4
49	2016-07-18	VACCINATIONS	05	3	4
10	2016-07-18	VACCINATIONS	05	3	3
31	2016-07-18	VACCINATIONS	05	3	4
20	2016-07-19	VACCINATIONS	05	3	4
14	2016-07-20	VACCINATIONS	01	3	2
98	2016-07-20	VACCINATIONS	05	3	4
1	2016-07-20	VACCINATIONS	05	3	1
76	2016-07-20	VACCINATIONS	05	3	3
48	2016-07-20	VACCINATIONS	05	3	2
43	2016-01-22	GROOMING	01	1	3
11	2016-07-21	VACCINATIONS	05	3	3
54	2016-07-21	VACCINATIONS	05	3	4
57	2016-01-23	GROOMING	01	1	3
74	2016-07-21	VACCINATIONS	05	3	4
96	2016-07-21	VACCINATIONS	05	3	3
18	2016-01-24	GROOMING	03	1	1
38	2016-07-21	VACCINATIONS	05	3	4
42	2016-07-21	VACCINATIONS	05	3	1
58	2016-07-21	VACCINATIONS	05	3	4
57	2016-07-21	VACCINATIONS	05	3	2
73	2016-07-21	VACCINATIONS	05	3	3
23	2016-07-21	VACCINATIONS	05	3	4
47	2016-01-26	GROOMING	01	1	4
1	2016-07-21	VACCINATIONS	05	3	2
33	2016-07-21	VACCINATIONS	05	3	2
48	2016-07-21	VACCINATIONS	04	3	1
46	2016-07-22	VACCINATIONS	05	3	2
32	2016-07-22	VACCINATIONS	05	3	2
52	2016-07-22	VACCINATIONS	05	3	4
88	2016-07-22	VACCINATIONS	05	3	2
82	2016-01-28	GROOMING	03	1	1
100	2016-01-28	GROOMING	01	1	3
97	2016-07-26	VACCINATIONS	05	3	4
12	2016-07-27	VACCINATIONS	04	3	1
18	2016-07-28	VACCINATIONS	05	3	3
9	2016-07-28	VACCINATIONS	05	3	2
9	2016-07-28	VACCINATIONS	05	3	1
18	2016-07-28	VACCINATIONS	05	3	3
85	2016-07-28	VACCINATIONS	05	3	1
56	2016-07-28	VACCINATIONS	05	3	2
61	2016-07-28	VACCINATIONS	05	3	1
95	2016-07-30	VACCINATIONS	05	3	4
8	2016-07-30	VACCINATIONS	05	3	2
17	2016-01-30	HOSPITALIZATION	01	1	3
67	2016-01-30	GROOMING	02	1	3
3	2016-01-30	OFFICE FEES	02	1	4
34	2016-01-30	GROOMING	03	1	4
4	2016-07-30	VACCINATIONS	05	3	3
45	2016-07-30	VACCINATIONS	05	3	1
91	2016-07-30	VACCINATIONS	05	3	3
60	2016-07-30	VACCINATIONS	05	3	4
16	2016-07-30	VACCINATIONS	05	3	3
13	2016-07-30	VACCINATIONS	05	3	3
6	2016-07-30	VACCINATIONS	05	3	3
17	2016-07-30	VACCINATIONS	05	3	1
45	2016-02-01	GROOMING	03	1	4
53	2016-07-30	VACCINATIONS	05	3	4
62	2016-07-30	VACCINATIONS	05	3	2
77	2016-07-31	VACCINATIONS	05	3	2
3	2016-07-31	VACCINATIONS	03	3	3
49	2016-08-01	VACCINATIONS	05	3	3
58	2016-08-01	VACCINATIONS	05	3	3
2	2016-08-01	VACCINATIONS	05	3	2
44	2016-08-01	VACCINATIONS	05	3	3
69	2016-08-01	VACCINATIONS	05	3	4
19	2016-08-01	VACCINATIONS	05	3	4
53	2016-08-01	VACCINATIONS	05	3	1
77	2016-08-02	GENERAL SURGERIES	03	3	4
37	2016-08-06	GENERAL SURGERIES	013	3	2
36	2016-08-09	GENERAL SURGERIES	014	3	1
32	2016-08-09	GENERAL SURGERIES	03	3	2
98	2016-08-02	OFFICE FEES	02	3	3
30	2016-08-02	GROOMING	01	3	4
40	2016-08-10	GENERAL SURGERIES	04	3	3
13	2016-08-10	GENERAL SURGERIES	08	3	2
96	2016-08-11	GENERAL SURGERIES	01	3	2
43	2016-08-14	GENERAL SURGERIES	014	3	2
46	2016-08-14	GENERAL SURGERIES	018	3	1
99	2016-08-17	GENERAL SURGERIES	018	3	1
87	2016-08-02	VACCINATIONS	02	3	2
36	2016-08-02	VACCINATIONS	05	3	4
58	2016-08-02	VACCINATIONS	05	3	4
2	2016-08-02	VACCINATIONS	05	3	1
75	2016-08-03	VACCINATIONS	05	3	1
83	2016-08-03	VACCINATIONS	05	3	1
51	2016-08-03	VACCINATIONS	05	3	3
99	2016-08-03	VACCINATIONS	05	3	2
67	2016-08-03	VACCINATIONS	05	3	3
52	2016-07-22	VACCINATIONS	05	3	4
40	2016-07-22	VACCINATIONS	05	3	3
3	2016-07-22	VACCINATIONS	05	3	3
69	2016-07-22	VACCINATIONS	04	3	4
11	2016-07-23	VACCINATIONS	02	3	3
23	2016-07-25	VACCINATIONS	05	3	2
77	2016-01-27	GROOMING	03	1	2
37	2016-07-25	VACCINATIONS	05	3	4
29	2016-07-25	VACCINATIONS	05	3	3
95	2016-01-28	OFFICE FEES	03	1	3
96	2016-01-28	GROOMING	03	1	1
48	2016-08-02	VACCINATIONS	05	3	2
63	2016-08-02	VACCINATIONS	05	3	3
18	2016-08-02	VACCINATIONS	05	3	1
93	2016-02-01	GROOMING	03	1	2
14	2016-02-01	GROOMING	01	1	2
80	2016-01-17	ORTHOPEDIC	08	1	2
68	2016-01-19	ORTHOPEDIC	05	1	3
17	2016-01-27	ORTHOPEDIC	05	1	4
27	2016-01-30	ORTHOPEDIC	07	1	1
25	2016-02-02	ORTHOPEDIC	06	1	2
18	2016-08-04	VACCINATIONS	05	3	2
71	2016-08-04	VACCINATIONS	05	3	3
93	2016-08-05	VACCINATIONS	05	3	1
37	2016-08-06	VACCINATIONS	05	3	1
22	2016-08-06	VACCINATIONS	05	3	4
69	2016-08-06	VACCINATIONS	05	3	4
73	2016-08-06	VACCINATIONS	05	3	3
58	2016-08-06	VACCINATIONS	05	3	4
101	2016-08-08	VACCINATIONS	05	3	2
70	2016-08-08	VACCINATIONS	05	3	2
87	2016-08-09	VACCINATIONS	05	3	4
40	2016-08-09	VACCINATIONS	05	3	4
82	2016-08-10	VACCINATIONS	04	3	3
82	2016-08-10	VACCINATIONS	05	3	2
82	2016-08-10	VACCINATIONS	05	3	2
26	2016-08-10	VACCINATIONS	05	3	4
79	2016-08-10	VACCINATIONS	05	3	2
67	2016-08-10	VACCINATIONS	05	3	4
61	2016-08-10	VACCINATIONS	05	3	4
36	2016-08-10	VACCINATIONS	05	3	1
68	2016-08-17	VACCINATIONS	05	3	4
8	2016-08-17	VACCINATIONS	05	3	2
98	2016-08-17	VACCINATIONS	05	3	4
86	2016-08-17	VACCINATIONS	05	3	1
100	2016-08-17	VACCINATIONS	03	3	3
11	2016-08-18	VACCINATIONS	05	3	1
64	2016-08-20	VACCINATIONS	05	3	3
67	2016-08-20	VACCINATIONS	05	3	1
28	2016-08-20	VACCINATIONS	05	3	1
91	2016-08-20	VACCINATIONS	05	3	3
91	2016-08-20	VACCINATIONS	05	3	2
45	2016-08-21	VACCINATIONS	06	3	2
60	2016-08-21	VACCINATIONS	05	3	2
83	2016-08-21	VACCINATIONS	05	3	3
82	2016-08-21	VACCINATIONS	05	3	3
81	2016-08-21	VACCINATIONS	05	3	1
50	2016-08-21	VACCINATIONS	05	3	2
54	2016-08-21	VACCINATIONS	05	3	2
38	2016-08-21	VACCINATIONS	05	3	1
50	2016-08-21	VACCINATIONS	05	3	4
22	2016-08-21	VACCINATIONS	05	3	3
23	2016-08-21	VACCINATIONS	05	3	4
89	2016-08-21	VACCINATIONS	05	3	3
2	2016-09-17	GENERAL SURGERIES	01	3	1
3	2016-09-17	GROOMING	03	3	1
69	2016-09-17	GENERAL SURGERIES	03	3	1
28	2016-09-18	GENERAL SURGERIES	03	3	1
82	2016-09-18	GROOMING	03	3	3
34	2016-09-19	GENERAL SURGERIES	01	3	4
89	2016-09-19	GENERAL SURGERIES	011	3	4
16	2016-09-19	GENERAL SURGERIES	03	3	3
1	2016-09-20	GENERAL SURGERIES	011	3	4
96	2016-09-23	GENERAL SURGERIES	07	3	1
13	2016-09-24	GENERAL SURGERIES	03	3	3
86	2016-09-25	GENERAL SURGERIES	013	3	4
95	2016-09-25	GENERAL SURGERIES	012	3	3
24	2016-09-26	GENERAL SURGERIES	019	3	4
49	2016-09-26	GENERAL SURGERIES	019	3	2
60	2016-09-28	GENERAL SURGERIES	03	3	4
52	2016-09-29	GENERAL SURGERIES	014	3	4
38	2016-09-30	GENERAL SURGERIES	016	3	1
50	2016-10-02	GENERAL SURGERIES	08	4	2
96	2016-10-02	GENERAL SURGERIES	015	4	2
97	2016-09-19	GROOMING	03	3	3
31	2016-09-19	GROOMING	03	3	4
77	2016-09-19	GROOMING	03	3	1
77	2016-09-19	GROOMING	03	3	4
81	2016-09-19	GROOMING	03	3	2
29	2016-09-19	GROOMING	01	3	2
13	2016-07-18	GROOMING	01	3	4
29	2016-07-20	GROOMING	01	3	1
50	2016-07-21	GROOMING	03	3	1
63	2016-07-16	GENERAL SURGERIES	016	3	4
47	2016-07-16	GENERAL SURGERIES	010	3	2
46	2016-07-15	GROOMING	03	3	3
89	2016-07-15	GROOMING	03	3	3
29	2016-07-15	GROOMING	03	3	1
70	2016-07-15	GROOMING	01	3	4
74	2016-07-16	GENERAL SURGERIES	018	3	2
50	2016-07-16	GENERAL SURGERIES	03	3	4
30	2016-07-22	GENERAL SURGERIES	03	3	4
71	2016-07-24	GENERAL SURGERIES	018	3	4
53	2016-07-26	GENERAL SURGERIES	02	3	1
14	2016-07-28	GENERAL SURGERIES	06	3	1
39	2016-07-29	GENERAL SURGERIES	03	3	4
35	2016-07-21	GROOMING	01	3	3
16	2016-07-22	OFFICE FEES	03	3	4
52	2016-08-21	VACCINATIONS	05	3	2
38	2016-08-22	VACCINATIONS	05	3	4
85	2016-08-22	VACCINATIONS	05	3	4
79	2016-08-22	VACCINATIONS	05	3	2
18	2016-08-22	VACCINATIONS	05	3	2
18	2016-08-23	VACCINATIONS	05	3	3
66	2016-08-23	VACCINATIONS	05	3	2
34	2016-08-23	VACCINATIONS	05	3	1
18	2016-08-23	VACCINATIONS	05	3	2
61	2016-02-04	ORTHOPEDIC	05	1	2
47	2016-02-04	GROOMING	02	1	4
3	2016-02-04	ORTHOPEDIC	05	1	2
54	2016-02-04	OFFICE FEES	01	1	1
70	2016-02-04	ORTHOPEDIC	06	1	3
51	2016-02-04	OFFICE FEES	02	1	3
13	2016-02-04	GROOMING	03	1	1
20	2016-02-04	GROOMING	03	1	2
89	2016-02-04	GROOMING	03	1	4
62	2016-02-04	GROOMING	03	1	3
15	2016-02-04	GROOMING	01	1	4
84	2016-02-04	GROOMING	01	1	2
92	2016-02-04	GROOMING	01	1	3
91	2016-02-04	GROOMING	01	1	4
59	2016-02-04	GROOMING	01	1	1
72	2016-08-24	VACCINATIONS	05	3	4
19	2016-02-05	OFFICE FEES	02	1	2
72	2016-02-05	GROOMING	03	1	4
100	2016-02-05	GROOMING	03	1	1
68	2016-02-05	GROOMING	03	1	2
5	2016-02-05	GROOMING	03	1	3
15	2016-02-05	GROOMING	01	1	4
18	2016-08-24	VACCINATIONS	05	3	4
42	2016-08-24	VACCINATIONS	05	3	3
99	2016-08-24	VACCINATIONS	05	3	4
97	2016-08-24	VACCINATIONS	05	3	1
60	2016-08-24	VACCINATIONS	05	3	1
15	2016-08-25	VACCINATIONS	05	3	2
61	2016-08-26	VACCINATIONS	05	3	3
93	2016-08-26	VACCINATIONS	05	3	2
33	2016-08-26	VACCINATIONS	01	3	4
21	2016-08-30	VACCINATIONS	05	3	4
38	2016-08-30	VACCINATIONS	05	3	1
36	2016-08-30	VACCINATIONS	05	3	2
74	2016-08-30	VACCINATIONS	05	3	1
7	2016-08-30	VACCINATIONS	05	3	3
87	2016-08-30	VACCINATIONS	05	3	4
86	2016-08-30	VACCINATIONS	01	3	1
27	2016-08-31	VACCINATIONS	05	3	4
74	2016-09-01	VACCINATIONS	06	3	4
47	2016-09-02	VACCINATIONS	05	3	3
41	2016-09-03	VACCINATIONS	04	3	4
56	2016-02-12	HOSPITALIZATION	01	1	1
38	2016-02-12	GROOMING	03	1	2
31	2016-02-12	GROOMING	03	1	3
14	2016-02-12	GROOMING	01	1	2
8	2016-02-12	GROOMING	01	1	1
49	2016-02-13	GROOMING	01	1	1
85	2016-09-03	VACCINATIONS	05	3	1
7	2016-09-03	VACCINATIONS	05	3	2
16	2016-09-04	VACCINATIONS	05	3	3
90	2016-09-04	VACCINATIONS	05	3	4
21	2016-09-06	VACCINATIONS	05	3	1
33	2016-09-06	VACCINATIONS	05	3	2
31	2016-09-06	VACCINATIONS	05	3	3
19	2016-09-06	VACCINATIONS	05	3	4
29	2016-09-08	VACCINATIONS	05	3	3
90	2016-02-14	OFFICE FEES	03	1	3
34	2016-02-14	GROOMING	03	1	2
90	2016-09-08	VACCINATIONS	05	3	1
82	2016-09-08	VACCINATIONS	05	3	4
66	2016-09-08	VACCINATIONS	05	3	2
9	2016-09-08	VACCINATIONS	05	3	4
19	2016-09-08	VACCINATIONS	05	3	4
101	2016-02-15	GROOMING	03	1	3
82	2016-02-15	GROOMING	01	1	1
25	2016-09-08	VACCINATIONS	05	3	3
86	2016-09-09	VACCINATIONS	05	3	3
67	2016-09-09	VACCINATIONS	05	3	1
51	2016-09-09	VACCINATIONS	05	3	2
59	2016-09-09	VACCINATIONS	05	3	2
13	2016-09-09	VACCINATIONS	05	3	4
92	2016-02-20	GROOMING	01	1	1
13	2016-09-11	VACCINATIONS	05	3	3
50	2016-02-21	GROOMING	01	1	1
21	2016-02-21	GROOMING	01	1	4
27	2016-09-11	VACCINATIONS	05	3	4
57	2016-09-11	VACCINATIONS	05	3	2
23	2016-08-01	GENERAL SURGERIES	03	3	4
51	2016-08-01	GENERAL SURGERIES	03	3	4
13	2016-08-03	GROOMING	03	3	4
4	2016-08-03	GROOMING	03	3	4
101	2016-08-20	GENERAL SURGERIES	07	3	3
10	2016-08-20	GENERAL SURGERIES	013	3	1
70	2016-08-04	GROOMING	03	3	2
51	2016-08-20	GENERAL SURGERIES	012	3	2
50	2016-08-21	GENERAL SURGERIES	01	3	3
73	2016-08-12	VACCINATIONS	05	3	1
19	2016-08-12	VACCINATIONS	05	3	1
60	2016-08-13	VACCINATIONS	05	3	1
96	2016-08-13	VACCINATIONS	05	3	3
70	2016-02-22	GROOMING	03	1	1
10	2016-02-22	GROOMING	03	1	1
63	2016-02-22	GROOMING	01	1	3
85	2016-09-11	VACCINATIONS	05	3	3
99	2016-09-11	VACCINATIONS	05	3	1
84	2016-02-23	GROOMING	03	1	4
17	2016-02-23	GROOMING	01	1	4
28	2016-02-05	ORTHOPEDIC	01	1	3
1	2016-02-11	ORTHOPEDIC	03	1	4
45	2016-02-12	ORTHOPEDIC	09	1	2
17	2016-02-15	ORTHOPEDIC	03	1	2
34	2016-02-17	ORTHOPEDIC	05	1	2
33	2016-02-17	ORTHOPEDIC	02	1	2
98	2016-02-24	GROOMING	03	1	2
100	2016-02-24	GROOMING	01	1	4
41	2016-02-19	ORTHOPEDIC	02	1	2
15	2016-02-26	GROOMING	01	1	2
99	2016-03-02	GROOMING	03	1	3
22	2016-03-02	GROOMING	01	1	2
40	2016-03-02	GROOMING	01	1	4
84	2016-09-17	VACCINATIONS	05	3	1
89	2016-09-17	VACCINATIONS	05	3	3
90	2016-09-17	VACCINATIONS	05	3	1
41	2016-09-17	VACCINATIONS	05	3	3
101	2016-09-17	VACCINATIONS	05	3	3
81	2016-09-17	VACCINATIONS	05	3	2
54	2016-09-17	VACCINATIONS	05	3	1
49	2016-09-17	VACCINATIONS	05	3	4
1	2016-09-17	VACCINATIONS	04	3	2
80	2016-09-18	VACCINATIONS	05	3	1
5	2016-09-18	VACCINATIONS	05	3	2
70	2016-09-19	VACCINATIONS	05	3	2
90	2016-09-19	VACCINATIONS	05	3	1
68	2016-03-03	GROOMING	03	1	4
53	2016-03-03	GROOMING	01	1	4
88	2016-03-03	GROOMING	01	1	1
50	2016-03-03	GROOMING	01	1	4
69	2016-03-03	GROOMING	01	1	3
14	2016-09-19	VACCINATIONS	05	3	4
51	2016-12-02	GENERAL SURGERIES	03	4	4
13	2016-12-04	GENERAL SURGERIES	017	4	1
31	2016-09-19	VACCINATIONS	05	3	1
84	2016-03-04	GROOMING	01	1	1
45	2016-09-19	VACCINATIONS	05	3	2
27	2016-09-19	VACCINATIONS	05	3	3
82	2016-09-19	VACCINATIONS	05	3	4
85	2016-09-19	VACCINATIONS	05	3	4
42	2016-09-19	VACCINATIONS	05	3	4
80	2016-03-05	OFFICE FEES	02	1	3
6	2016-09-19	VACCINATIONS	05	3	1
81	2016-03-05	GROOMING	01	1	3
63	2016-03-05	GROOMING	01	1	3
94	2016-09-19	VACCINATIONS	05	3	3
70	2016-09-19	VACCINATIONS	05	3	4
3	2016-09-19	VACCINATIONS	05	3	2
94	2016-09-19	VACCINATIONS	05	3	2
49	2016-09-19	VACCINATIONS	05	3	1
57	2016-09-20	VACCINATIONS	05	3	3
41	2016-09-20	VACCINATIONS	05	3	1
49	2016-09-22	VACCINATIONS	05	3	3
35	2016-09-22	VACCINATIONS	05	3	3
46	2016-09-22	VACCINATIONS	05	3	2
18	2016-09-22	VACCINATIONS	05	3	4
24	2016-09-22	VACCINATIONS	05	3	4
13	2016-09-23	VACCINATIONS	05	3	2
70	2016-09-24	VACCINATIONS	05	3	4
10	2016-09-24	VACCINATIONS	05	3	1
63	2016-03-08	GROOMING	03	1	2
38	2016-03-08	GROOMING	03	1	3
23	2016-09-24	VACCINATIONS	05	3	4
12	2016-09-25	VACCINATIONS	05	3	1
50	2016-09-25	VACCINATIONS	05	3	3
53	2016-03-09	GROOMING	01	1	1
95	2016-09-25	VACCINATIONS	05	3	2
95	2016-09-25	VACCINATIONS	05	3	1
80	2016-09-25	VACCINATIONS	05	3	3
76	2016-09-25	VACCINATIONS	05	3	1
79	2016-09-25	VACCINATIONS	05	3	4
20	2016-09-26	VACCINATIONS	01	3	2
54	2016-09-26	VACCINATIONS	05	3	4
84	2016-09-26	VACCINATIONS	05	3	4
101	2016-09-26	VACCINATIONS	05	3	4
16	2016-09-26	VACCINATIONS	05	3	2
77	2016-09-26	VACCINATIONS	05	3	3
69	2016-09-26	VACCINATIONS	05	3	4
18	2016-12-20	GROOMING	03	4	4
69	2016-12-21	GROOMING	01	4	1
17	2016-12-16	VACCINATIONS	05	4	4
74	2016-12-16	VACCINATIONS	05	4	2
96	2016-08-13	VACCINATIONS	05	3	3
97	2016-08-13	VACCINATIONS	05	3	4
23	2016-08-14	VACCINATIONS	05	3	2
89	2016-08-14	VACCINATIONS	05	3	2
91	2016-02-03	OFFICE FEES	01	1	1
85	2016-02-03	GROOMING	01	1	1
35	2016-02-03	GROOMING	03	1	4
36	2016-02-03	GROOMING	03	1	4
73	2016-02-03	GROOMING	03	1	4
64	2016-08-23	VACCINATIONS	05	3	4
4	2016-08-23	VACCINATIONS	05	3	3
9	2016-12-16	VACCINATIONS	05	4	2
66	2016-12-16	VACCINATIONS	05	4	3
8	2016-12-16	VACCINATIONS	05	4	1
54	2016-12-16	VACCINATIONS	05	4	4
83	2016-08-20	GROOMING	01	3	3
31	2016-08-20	GROOMING	01	3	1
66	2016-08-20	GROOMING	01	3	4
52	2016-08-21	GROOMING	02	3	1
40	2016-08-21	OFFICE FEES	01	3	1
27	2016-08-21	GROOMING	01	3	4
90	2016-08-21	GROOMING	01	3	2
63	2016-08-21	GROOMING	01	3	2
39	2016-08-21	GROOMING	01	3	1
38	2016-09-09	GENERAL SURGERIES	03	3	2
15	2016-09-11	GENERAL SURGERIES	013	3	1
33	2016-08-24	ORTHOPEDIC	04	3	2
31	2016-09-10	ORTHOPEDIC	04	3	3
94	2016-08-24	GROOMING	03	3	1
7	2016-08-26	GROOMING	03	3	4
8	2016-08-26	GROOMING	01	3	1
13	2016-08-29	GROOMING	01	3	2
61	2016-08-30	GROOMING	03	3	3
92	2016-08-30	GROOMING	03	3	2
12	2016-08-30	GROOMING	03	3	1
76	2016-08-30	GROOMING	01	3	1
67	2016-08-30	GROOMING	01	3	4
81	2016-09-03	GROOMING	01	3	1
94	2016-09-06	GROOMING	03	3	3
34	2016-09-06	GROOMING	01	3	1
97	2016-09-08	GROOMING	01	3	4
66	2016-09-09	GROOMING	02	3	4
42	2016-09-09	GROOMING	03	3	4
62	2016-09-09	GROOMING	03	3	1
74	2016-09-09	GROOMING	03	3	2
95	2016-09-10	GROOMING	01	3	3
43	2016-09-10	GROOMING	01	3	4
3	2016-09-12	GROOMING	03	3	2
60	2016-09-12	GROOMING	03	3	2
95	2016-09-13	GROOMING	03	3	4
43	2016-09-14	GROOMING	01	3	3
87	2016-09-14	GROOMING	01	3	1
83	2016-10-02	GENERAL SURGERIES	016	4	2
5	2016-10-03	GENERAL SURGERIES	08	4	1
25	2016-09-20	GROOMING	01	3	2
19	2016-09-21	HOSPITALIZATION	01	3	4
19	2016-09-22	GROOMING	02	3	1
57	2016-09-22	HOSPITALIZATION	01	3	3
50	2016-10-03	GENERAL SURGERIES	03	4	2
12	2016-09-18	ORTHOPEDIC	03	3	2
63	2016-09-19	ORTHOPEDIC	05	3	3
58	2016-09-23	ORTHOPEDIC	03	3	3
25	2016-09-26	ORTHOPEDIC	06	3	3
22	2016-09-26	ORTHOPEDIC	09	3	2
48	2016-09-26	ORTHOPEDIC	01	3	1
36	2016-09-29	ORTHOPEDIC	09	3	4
98	2016-09-30	ORTHOPEDIC	01	3	3
13	2016-09-24	OFFICE FEES	02	3	1
16	2016-10-01	ORTHOPEDIC	04	4	4
90	2016-10-02	ORTHOPEDIC	09	4	1
46	2016-10-06	ORTHOPEDIC	07	4	1
12	2016-10-06	ORTHOPEDIC	09	4	4
55	2016-09-25	GROOMING	02	3	1
88	2016-09-25	GROOMING	03	3	1
73	2016-09-25	GROOMING	03	3	1
27	2016-09-26	OFFICE FEES	01	3	3
81	2016-09-26	HOSPITALIZATION	01	3	3
15	2016-09-30	GROOMING	03	3	4
30	2016-09-30	GROOMING	01	3	1
40	2016-10-01	GROOMING	01	4	4
8	2016-10-02	GROOMING	01	4	3
73	2016-10-02	GROOMING	01	4	3
26	2016-10-06	GROOMING	03	4	1
90	2016-10-06	GROOMING	03	4	1
77	2016-10-06	GROOMING	01	4	3
50	2016-10-06	GROOMING	01	4	2
8	2016-10-07	GROOMING	01	4	4
96	2016-10-08	GROOMING	01	4	4
5	2016-11-02	GENERAL SURGERIES	014	4	1
58	2016-11-02	GENERAL SURGERIES	06	4	1
6	2016-10-13	GROOMING	01	4	1
67	2016-10-13	GROOMING	01	4	4
14	2016-10-13	GROOMING	01	4	4
30	2016-11-02	GENERAL SURGERIES	012	4	4
89	2016-11-02	GENERAL SURGERIES	03	4	1
62	2016-10-17	ORTHOPEDIC	04	4	4
66	2016-10-25	ORTHOPEDIC	01	4	3
85	2016-10-15	GROOMING	01	4	3
74	2016-10-17	OFFICE FEES	02	4	4
81	2016-10-17	GROOMING	03	4	3
74	2016-10-18	GROOMING	03	4	4
19	2016-10-21	GROOMING	03	4	1
93	2016-10-22	GROOMING	03	4	3
27	2016-10-22	GROOMING	01	4	1
5	2016-10-23	OFFICE FEES	01	4	1
46	2016-08-23	VACCINATIONS	05	3	1
12	2016-08-23	VACCINATIONS	05	3	3
34	2016-08-23	VACCINATIONS	05	3	3
15	2016-08-24	VACCINATIONS	01	3	4
64	2016-08-24	VACCINATIONS	05	3	3
47	2016-08-24	VACCINATIONS	05	3	3
54	2016-08-24	VACCINATIONS	05	3	3
86	2016-08-24	VACCINATIONS	05	3	3
97	2016-02-03	GROOMING	03	1	3
66	2016-02-03	GROOMING	03	1	3
90	2016-02-03	GROOMING	01	1	2
97	2016-08-14	VACCINATIONS	05	3	1
75	2016-08-14	VACCINATIONS	05	3	4
59	2016-06-27	GROOMING	01	2	3
64	2016-10-23	GROOMING	03	4	3
54	2016-10-24	GROOMING	01	4	3
86	2016-10-25	GROOMING	03	4	3
78	2016-10-25	GROOMING	01	4	3
84	2016-10-26	GROOMING	03	4	3
25	2016-10-27	GROOMING	03	4	3
86	2016-10-30	GROOMING	01	4	2
55	2016-11-02	GROOMING	03	4	2
50	2016-11-02	GROOMING	03	4	4
75	2016-11-02	GROOMING	03	4	2
31	2016-11-02	GROOMING	01	4	4
100	2016-11-02	GROOMING	01	4	2
83	2016-11-23	GENERAL SURGERIES	04	4	1
25	2016-11-26	GENERAL SURGERIES	03	4	4
3	2016-11-29	GENERAL SURGERIES	019	4	2
39	2016-11-04	ORTHOPEDIC	04	4	2
31	2016-11-19	ORTHOPEDIC	07	4	1
70	2016-11-22	ORTHOPEDIC	01	4	2
53	2016-12-01	ORTHOPEDIC	05	4	1
60	2016-11-06	GROOMING	03	4	4
58	2016-11-06	GROOMING	01	4	3
13	2016-11-07	GROOMING	01	4	4
25	2016-11-07	GROOMING	03	4	3
42	2016-11-08	GROOMING	01	4	2
87	2016-11-19	GROOMING	03	4	4
5	2016-11-21	GROOMING	01	4	2
14	2016-11-21	GROOMING	03	4	3
4	2016-11-21	GROOMING	01	4	2
97	2016-11-24	GROOMING	01	4	3
40	2016-11-25	GROOMING	03	4	4
9	2016-11-27	GROOMING	03	4	2
60	2016-11-27	GROOMING	03	4	4
94	2016-11-29	GROOMING	03	4	4
95	2016-12-01	GROOMING	03	4	3
36	2016-12-15	GENERAL SURGERIES	03	4	1
76	2016-12-02	ORTHOPEDIC	02	4	4
18	2016-12-02	ORTHOPEDIC	08	4	1
21	2016-12-05	ORTHOPEDIC	03	4	2
30	2016-12-09	ORTHOPEDIC	02	4	4
67	2016-12-10	ORTHOPEDIC	01	4	2
95	2016-12-04	GROOMING	03	4	2
60	2016-12-04	GROOMING	01	4	4
66	2016-12-05	GROOMING	01	4	4
76	2016-12-05	GROOMING	03	4	2
84	2016-12-05	GROOMING	03	4	3
68	2016-12-05	GROOMING	03	4	1
14	2016-12-05	GROOMING	03	4	2
13	2016-12-05	GROOMING	03	4	4
37	2016-12-05	GROOMING	01	4	2
66	2016-12-05	GROOMING	01	4	2
73	2016-12-07	GROOMING	03	4	4
95	2016-12-07	GROOMING	03	4	3
79	2016-12-08	GROOMING	01	4	2
98	2016-12-09	GROOMING	01	4	3
35	2016-12-09	GROOMING	01	4	3
64	2016-12-10	OFFICE FEES	01	4	2
1	2016-12-10	GROOMING	03	4	1
48	2016-12-10	GROOMING	03	4	2
68	2016-12-10	GROOMING	03	4	4
98	2016-12-10	GROOMING	03	4	3
88	2016-12-10	GROOMING	03	4	1
77	2016-12-10	GROOMING	01	4	1
56	2016-12-10	GROOMING	01	4	3
81	2016-12-10	GROOMING	01	4	1
39	2016-08-19	GROOMING	01	3	2
63	2016-08-19	GROOMING	01	3	3
45	2016-12-10	GROOMING	01	4	3
30	2016-12-10	GROOMING	01	4	3
100	2016-12-10	GROOMING	01	4	4
65	2016-12-14	HOSPITALIZATION	01	4	3
87	2016-12-14	GROOMING	03	4	4
8	2016-12-15	GROOMING	03	4	4
78	2016-12-15	GROOMING	01	4	1
21	2016-12-16	VACCINATIONS	05	4	2
12	2016-12-22	HOSPITALIZATION	01	4	4
24	2016-12-16	VACCINATIONS	05	4	4
17	2016-12-22	GROOMING	03	4	4
17	2016-12-22	GROOMING	01	4	2
18	2016-12-22	GROOMING	01	4	1
82	2016-12-17	VACCINATIONS	05	4	1
19	2016-12-18	VACCINATIONS	05	4	2
100	2016-12-18	VACCINATIONS	05	4	3
20	2016-12-18	VACCINATIONS	05	4	2
75	2016-12-18	VACCINATIONS	05	4	2
60	2016-12-18	VACCINATIONS	05	4	1
28	2016-12-24	GROOMING	03	4	4
21	2016-12-19	VACCINATIONS	05	4	1
75	2016-12-19	VACCINATIONS	05	4	4
21	2016-12-19	VACCINATIONS	03	4	1
46	2016-08-14	VACCINATIONS	05	3	4
23	2016-08-14	VACCINATIONS	05	3	2
30	2016-08-14	VACCINATIONS	05	3	2
65	2016-08-16	VACCINATIONS	05	3	4
82	2016-08-16	VACCINATIONS	05	3	3
24	2016-08-16	VACCINATIONS	05	3	3
60	2016-08-17	VACCINATIONS	05	3	2
77	2016-06-19	GROOMING	03	2	1
46	2016-08-23	GENERAL SURGERIES	010	3	3
47	2016-08-23	GENERAL SURGERIES	010	3	3
67	2016-08-23	GENERAL SURGERIES	03	3	2
30	2016-08-23	GENERAL SURGERIES	03	3	4
81	2016-08-24	GENERAL SURGERIES	018	3	4
1	2016-08-30	GENERAL SURGERIES	018	3	1
1	2016-08-30	GENERAL SURGERIES	03	3	3
43	2016-08-30	GENERAL SURGERIES	03	3	3
5	2016-08-23	GROOMING	01	3	1
46	2016-09-05	GENERAL SURGERIES	03	3	2
55	2016-09-07	GENERAL SURGERIES	03	3	3
38	2016-08-24	ORTHOPEDIC	08	3	3
61	2016-08-27	VACCINATIONS	05	3	4
18	2016-08-27	VACCINATIONS	06	3	3
85	2016-08-28	VACCINATIONS	05	3	2
13	2016-02-09	GROOMING	03	1	2
3	2016-08-29	VACCINATIONS	05	3	1
80	2016-08-29	VACCINATIONS	05	3	4
78	2016-08-29	VACCINATIONS	05	3	1
92	2016-08-29	VACCINATIONS	05	3	4
75	2016-08-30	VACCINATIONS	05	3	2
52	2016-08-30	VACCINATIONS	06	3	1
49	2016-08-30	VACCINATIONS	05	3	3
20	2016-02-11	GROOMING	03	1	1
74	2016-10-09	GENERAL SURGERIES	019	4	3
79	2016-10-10	GENERAL SURGERIES	019	4	1
85	2016-10-13	GENERAL SURGERIES	03	4	4
55	2016-10-14	GENERAL SURGERIES	016	4	1
1	2016-10-10	OFFICE FEES	03	4	4
43	2016-10-10	GROOMING	01	4	2
31	2016-10-14	GENERAL SURGERIES	012	4	2
47	2016-10-15	GENERAL SURGERIES	05	4	2
90	2016-10-21	GENERAL SURGERIES	02	4	1
97	2016-10-22	GENERAL SURGERIES	03	4	3
76	2016-10-22	GENERAL SURGERIES	017	4	2
95	2016-11-11	GENERAL SURGERIES	03	4	2
101	2016-11-04	OFFICE FEES	03	4	3
79	2016-11-04	GROOMING	03	4	2
49	2016-11-14	GENERAL SURGERIES	02	4	3
1	2016-11-14	GENERAL SURGERIES	05	4	2
20	2016-11-05	GROOMING	01	4	3
79	2016-11-18	GENERAL SURGERIES	03	4	4
47	2016-11-21	GENERAL SURGERIES	017	4	3
8	2016-11-21	GENERAL SURGERIES	014	4	3
75	2016-11-21	GENERAL SURGERIES	03	4	3
22	2016-12-05	GENERAL SURGERIES	010	4	4
77	2016-12-05	GENERAL SURGERIES	09	4	3
71	2016-12-05	GENERAL SURGERIES	03	4	2
99	2016-12-07	GENERAL SURGERIES	03	4	4
88	2016-02-26	GROOMING	01	1	1
72	2016-09-11	VACCINATIONS	05	3	1
19	2016-09-11	VACCINATIONS	05	3	1
52	2016-09-12	VACCINATIONS	05	3	2
9	2016-09-13	VACCINATIONS	04	3	4
101	2016-02-27	GROOMING	01	1	1
33	2016-09-13	VACCINATIONS	05	3	1
31	2016-09-13	VACCINATIONS	05	3	4
94	2016-09-13	VACCINATIONS	05	3	4
16	2016-09-13	VACCINATIONS	05	3	1
31	2016-09-14	VACCINATIONS	05	3	4
64	2016-09-15	VACCINATIONS	05	3	2
91	2016-09-16	VACCINATIONS	05	3	4
6	2016-12-08	GENERAL SURGERIES	017	4	1
85	2016-12-02	GROOMING	01	4	1
12	2016-12-02	GROOMING	01	4	2
101	2016-12-08	GENERAL SURGERIES	013	4	2
79	2016-12-08	GENERAL SURGERIES	04	4	3
12	2016-12-10	GENERAL SURGERIES	019	4	4
78	2016-12-10	GENERAL SURGERIES	019	4	4
26	2016-12-10	GENERAL SURGERIES	014	4	1
12	2016-12-11	GENERAL SURGERIES	01	4	1
98	2016-12-11	GENERAL SURGERIES	012	4	2
3	2016-12-16	VACCINATIONS	05	4	4
58	2016-12-16	VACCINATIONS	05	4	4
5	2016-03-13	ORTHOPEDIC	04	1	1
77	2016-03-17	ORTHOPEDIC	07	1	2
80	2016-03-18	ORTHOPEDIC	03	1	4
82	2016-03-17	GROOMING	03	1	3
47	2016-10-08	VACCINATIONS	05	4	4
77	2016-10-08	VACCINATIONS	05	4	3
68	2016-10-10	VACCINATIONS	05	4	4
17	2016-10-10	VACCINATIONS	05	4	1
96	2016-10-10	VACCINATIONS	05	4	4
18	2016-10-10	VACCINATIONS	05	4	1
26	2016-10-11	VACCINATIONS	05	4	4
95	2016-10-11	VACCINATIONS	05	4	1
51	2016-10-12	VACCINATIONS	05	4	1
57	2016-03-24	GROOMING	01	1	3
66	2016-03-27	GROOMING	03	1	1
88	2016-10-13	VACCINATIONS	05	4	2
50	2016-10-13	VACCINATIONS	05	4	2
56	2016-10-13	VACCINATIONS	05	4	1
93	2016-10-13	VACCINATIONS	05	4	3
33	2016-10-13	VACCINATIONS	05	4	2
68	2016-10-13	VACCINATIONS	05	4	2
92	2016-10-13	VACCINATIONS	04	4	4
10	2016-10-14	VACCINATIONS	05	4	1
79	2016-10-14	VACCINATIONS	05	4	1
69	2016-10-14	VACCINATIONS	05	4	4
36	2016-10-14	VACCINATIONS	05	4	1
90	2016-03-28	GROOMING	03	1	1
65	2016-03-28	GROOMING	03	1	1
38	2016-03-28	GROOMING	03	1	1
47	2016-03-28	GROOMING	01	1	1
70	2016-10-15	VACCINATIONS	05	4	2
14	2016-10-16	VACCINATIONS	05	4	3
26	2016-03-29	GROOMING	03	1	4
50	2016-03-29	GROOMING	03	1	4
61	2016-10-17	VACCINATIONS	05	4	2
1	2016-03-30	GROOMING	03	1	2
16	2016-10-17	VACCINATIONS	05	4	3
78	2016-10-17	VACCINATIONS	05	4	3
96	2016-03-31	GROOMING	03	1	2
34	2016-03-31	GROOMING	03	1	4
2	2016-10-17	VACCINATIONS	05	4	2
90	2016-10-17	VACCINATIONS	05	4	3
84	2016-10-17	VACCINATIONS	05	4	4
59	2016-10-19	VACCINATIONS	05	4	1
76	2016-10-19	VACCINATIONS	05	4	2
49	2016-10-19	VACCINATIONS	05	4	1
45	2016-10-19	VACCINATIONS	05	4	3
24	2016-10-19	VACCINATIONS	05	4	4
4	2016-10-19	VACCINATIONS	05	4	1
37	2016-04-06	GROOMING	03	2	1
57	2016-10-19	VACCINATIONS	05	4	2
71	2016-04-07	GROOMING	01	2	2
12	2016-10-22	VACCINATIONS	05	4	2
6	2016-10-22	VACCINATIONS	05	4	3
52	2016-04-15	GROOMING	03	2	3
95	2016-04-16	GROOMING	03	2	1
33	2016-10-22	VACCINATIONS	05	4	4
3	2016-10-22	VACCINATIONS	05	4	4
1	2016-04-16	OFFICE FEES	02	2	3
9	2016-10-23	VACCINATIONS	05	4	2
15	2016-10-24	VACCINATIONS	05	4	2
9	2016-03-18	ORTHOPEDIC	05	1	3
101	2016-04-03	ORTHOPEDIC	08	2	2
3	2016-04-18	GROOMING	01	2	2
12	2016-04-13	ORTHOPEDIC	04	2	4
25	2016-04-13	ORTHOPEDIC	06	2	1
93	2016-04-15	ORTHOPEDIC	06	2	4
3	2016-10-28	VACCINATIONS	05	4	4
33	2016-10-29	VACCINATIONS	05	4	4
40	2016-10-29	VACCINATIONS	05	4	2
69	2016-04-22	GROOMING	03	2	1
89	2016-10-29	VACCINATIONS	05	4	3
32	2016-10-29	VACCINATIONS	05	4	2
58	2016-10-29	VACCINATIONS	05	4	2
48	2016-10-29	VACCINATIONS	05	4	2
60	2016-10-29	VACCINATIONS	05	4	2
3	2016-10-29	VACCINATIONS	05	4	3
77	2016-10-29	VACCINATIONS	05	4	2
14	2016-10-30	VACCINATIONS	05	4	2
15	2016-10-30	VACCINATIONS	05	4	2
52	2016-04-24	OFFICE FEES	01	2	4
62	2016-04-24	GROOMING	03	2	2
28	2016-04-24	GROOMING	01	2	3
64	2016-10-31	VACCINATIONS	05	4	2
68	2016-10-31	VACCINATIONS	05	4	4
79	2016-11-01	VACCINATIONS	01	4	1
57	2016-11-02	VACCINATIONS	05	4	2
101	2016-04-25	GROOMING	01	2	4
82	2016-04-25	GROOMING	01	2	1
58	2016-11-02	VACCINATIONS	05	4	4
8	2016-11-02	VACCINATIONS	05	4	2
97	2016-04-27	GROOMING	03	2	2
67	2016-04-27	GROOMING	01	2	2
7	2016-04-29	GROOMING	01	2	3
99	2016-11-02	VACCINATIONS	05	4	4
78	2016-11-02	VACCINATIONS	05	4	1
31	2016-11-02	VACCINATIONS	05	4	3
91	2016-04-30	GROOMING	01	2	4
80	2016-11-02	VACCINATIONS	05	4	4
64	2016-11-02	VACCINATIONS	05	4	2
30	2016-11-02	VACCINATIONS	05	4	1
47	2016-11-02	VACCINATIONS	05	4	1
51	2016-11-03	VACCINATIONS	05	4	4
77	2016-12-27	GROOMING	01	4	1
72	2016-12-20	VACCINATIONS	05	4	1
66	2016-12-20	VACCINATIONS	05	4	1
37	2016-12-21	VACCINATIONS	05	4	4
9	2016-12-21	VACCINATIONS	05	4	2
26	2016-12-21	VACCINATIONS	05	4	1
61	2016-11-03	VACCINATIONS	05	4	3
4	2016-11-04	VACCINATIONS	05	4	2
99	2016-11-04	VACCINATIONS	05	4	1
20	2016-11-04	VACCINATIONS	05	4	1
6	2016-05-01	GROOMING	03	2	1
74	2016-05-01	GROOMING	01	2	3
33	2016-05-01	GROOMING	01	2	3
20	2016-11-04	VACCINATIONS	06	4	3
25	2016-11-05	VACCINATIONS	03	4	2
94	2016-11-05	VACCINATIONS	05	4	4
48	2016-05-02	GROOMING	03	2	1
89	2016-05-02	GROOMING	01	2	3
61	2016-05-03	GROOMING	01	2	4
25	2016-11-06	VACCINATIONS	05	4	2
45	2016-11-06	VACCINATIONS	05	4	1
60	2016-11-06	VACCINATIONS	05	4	4
6	2016-11-06	VACCINATIONS	05	4	2
1	2016-11-06	VACCINATIONS	05	4	4
67	2016-11-06	VACCINATIONS	05	4	1
1	2016-11-06	VACCINATIONS	05	4	4
67	2016-11-06	VACCINATIONS	05	4	1
74	2016-10-25	VACCINATIONS	05	4	3
100	2016-10-25	VACCINATIONS	05	4	3
44	2016-10-25	VACCINATIONS	05	4	2
3	2016-04-21	GROOMING	03	2	2
89	2016-04-21	GROOMING	03	2	2
22	2016-04-21	GROOMING	03	2	2
67	2016-04-21	GROOMING	01	2	3
17	2016-10-25	VACCINATIONS	05	4	3
68	2016-10-25	VACCINATIONS	05	4	2
17	2016-10-25	VACCINATIONS	05	4	3
78	2016-10-25	VACCINATIONS	05	4	2
71	2016-10-25	VACCINATIONS	05	4	4
14	2016-10-27	VACCINATIONS	05	4	4
97	2016-10-27	VACCINATIONS	05	4	3
77	2016-11-06	VACCINATIONS	05	4	4
88	2016-11-06	VACCINATIONS	05	4	2
28	2016-11-06	VACCINATIONS	05	4	1
97	2016-11-07	VACCINATIONS	05	4	3
12	2016-05-04	GROOMING	03	2	4
21	2016-05-04	GROOMING	01	2	1
43	2016-11-07	VACCINATIONS	05	4	3
100	2016-11-07	VACCINATIONS	05	4	3
75	2016-11-20	VACCINATIONS	05	4	4
83	2016-11-21	VACCINATIONS	05	4	3
75	2016-11-21	VACCINATIONS	05	4	2
96	2016-11-21	VACCINATIONS	05	4	4
25	2016-11-21	VACCINATIONS	05	4	2
73	2016-11-21	VACCINATIONS	05	4	4
76	2016-11-21	VACCINATIONS	05	4	4
92	2016-11-21	VACCINATIONS	05	4	1
15	2016-11-21	VACCINATIONS	05	4	3
15	2016-11-21	VACCINATIONS	05	4	3
64	2016-11-21	VACCINATIONS	05	4	2
58	2016-05-12	GROOMING	03	2	4
20	2016-05-12	GROOMING	03	2	3
37	2016-05-12	GROOMING	01	2	2
67	2016-05-12	GROOMING	01	2	2
98	2016-11-21	VACCINATIONS	05	4	2
7	2016-11-21	VACCINATIONS	05	4	4
18	2016-11-22	VACCINATIONS	05	4	1
79	2016-05-14	GROOMING	03	2	3
66	2016-05-14	GROOMING	03	2	4
91	2016-11-22	VACCINATIONS	05	4	1
24	2016-11-23	VACCINATIONS	05	4	2
41	2016-11-23	VACCINATIONS	05	4	3
31	2016-11-23	VACCINATIONS	01	4	2
87	2016-11-27	VACCINATIONS	05	4	4
92	2016-11-27	VACCINATIONS	05	4	4
41	2016-05-15	GROOMING	03	2	3
62	2016-05-15	GROOMING	03	2	1
38	2016-05-15	GROOMING	01	2	2
27	2016-05-16	OFFICE FEES	01	2	4
23	2016-11-28	VACCINATIONS	05	4	3
12	2016-11-28	VACCINATIONS	05	4	2
8	2016-11-28	VACCINATIONS	05	4	3
97	2016-05-17	GROOMING	03	2	1
7	2016-11-29	VACCINATIONS	05	4	1
32	2016-11-29	VACCINATIONS	05	4	4
69	2016-11-30	VACCINATIONS	05	4	1
82	2016-12-01	VACCINATIONS	05	4	4
23	2016-12-01	VACCINATIONS	05	4	1
83	2016-12-01	VACCINATIONS	05	4	3
97	2016-05-20	GROOMING	03	2	3
86	2016-12-01	VACCINATIONS	05	4	2
39	2016-12-01	VACCINATIONS	05	4	2
15	2016-05-21	GROOMING	01	2	2
21	2016-05-21	GROOMING	01	2	3
45	2016-12-02	VACCINATIONS	05	4	1
60	2016-12-02	VACCINATIONS	05	4	4
69	2016-12-02	VACCINATIONS	05	4	1
27	2016-12-02	VACCINATIONS	05	4	3
55	2016-12-02	VACCINATIONS	05	4	2
54	2016-12-02	VACCINATIONS	05	4	3
66	2016-12-02	VACCINATIONS	05	4	4
70	2016-12-02	VACCINATIONS	05	4	4
74	2016-12-03	VACCINATIONS	05	4	1
70	2016-12-03	VACCINATIONS	05	4	3
82	2016-12-03	VACCINATIONS	05	4	3
1	2016-05-24	GROOMING	01	2	3
92	2016-05-24	GROOMING	01	2	2
71	2016-12-03	VACCINATIONS	05	4	4
94	2016-12-03	VACCINATIONS	05	4	1
3	2016-12-04	VACCINATIONS	05	4	1
83	2016-12-04	VACCINATIONS	05	4	2
25	2016-12-04	VACCINATIONS	05	4	2
45	2016-05-25	GROOMING	03	2	2
81	2016-05-25	GROOMING	03	2	3
49	2016-05-25	GROOMING	03	2	2
26	2016-12-04	VACCINATIONS	05	4	1
39	2016-12-04	VACCINATIONS	05	4	1
9	2016-12-04	VACCINATIONS	05	4	1
34	2016-12-04	VACCINATIONS	05	4	4
20	2016-12-04	VACCINATIONS	05	4	1
81	2016-12-04	VACCINATIONS	05	4	4
49	2016-12-05	VACCINATIONS	02	4	1
98	2016-05-08	ORTHOPEDIC	08	2	1
59	2016-05-12	ORTHOPEDIC	08	2	4
96	2016-05-14	ORTHOPEDIC	01	2	1
42	2016-05-15	ORTHOPEDIC	08	2	1
17	2016-05-27	ORTHOPEDIC	09	2	3
64	2016-05-28	ORTHOPEDIC	02	2	2
68	2016-05-28	ORTHOPEDIC	02	2	3
71	2016-05-28	GROOMING	02	2	1
16	2016-05-28	GROOMING	03	2	4
32	2016-05-28	GROOMING	01	2	3
40	2016-12-05	VACCINATIONS	05	4	4
90	2016-12-05	VACCINATIONS	05	4	1
1	2016-05-30	GROOMING	01	2	1
20	2016-05-31	GROOMING	01	2	2
90	2016-12-05	VACCINATIONS	05	4	4
92	2016-12-06	VACCINATIONS	05	4	2
90	2016-06-01	GROOMING	03	2	2
83	2016-06-01	GROOMING	01	2	4
95	2016-12-07	VACCINATIONS	05	4	2
72	2016-12-07	VACCINATIONS	05	4	3
7	2016-12-07	VACCINATIONS	05	4	2
38	2016-12-07	VACCINATIONS	05	4	3
38	2016-06-02	GROOMING	01	2	1
47	2016-12-08	VACCINATIONS	05	4	3
17	2016-12-08	VACCINATIONS	05	4	1
101	2016-12-08	VACCINATIONS	05	4	2
13	2016-12-09	VACCINATIONS	05	4	2
88	2016-12-09	VACCINATIONS	05	4	2
16	2016-06-04	GROOMING	01	2	2
45	2016-12-09	VACCINATIONS	05	4	4
26	2016-12-09	VACCINATIONS	05	4	1
4	2016-12-10	VACCINATIONS	05	4	2
45	2016-06-07	GROOMING	01	2	4
45	2016-12-10	VACCINATIONS	05	4	3
94	2016-12-10	VACCINATIONS	05	4	1
36	2016-05-28	GROOMING	01	2	1
34	2016-12-05	VACCINATIONS	05	4	4
75	2016-12-05	VACCINATIONS	05	4	1
29	2016-12-05	VACCINATIONS	05	4	3
4	2016-12-05	VACCINATIONS	05	4	3
81	2016-12-05	VACCINATIONS	05	4	3
67	2016-12-05	VACCINATIONS	05	4	2
56	2016-12-05	VACCINATIONS	05	4	1
34	2016-12-05	VACCINATIONS	05	4	3
28	2016-12-05	VACCINATIONS	05	4	2
45	2016-12-05	VACCINATIONS	05	4	3
97	2016-12-10	VACCINATIONS	05	4	2
23	2016-06-08	GROOMING	01	2	1
54	2016-12-10	VACCINATIONS	05	4	1
38	2016-12-10	VACCINATIONS	05	4	1
66	2016-12-10	VACCINATIONS	05	4	4
59	2016-06-10	GROOMING	03	2	4
38	2016-12-10	VACCINATIONS	05	4	3
3	2016-06-11	GROOMING	01	2	4
5	2016-12-10	VACCINATIONS	05	4	2
54	2016-12-10	VACCINATIONS	05	4	4
2	2016-06-13	GROOMING	01	2	2
18	2016-06-13	GROOMING	01	2	4
40	2016-12-10	VACCINATIONS	05	4	1
18	2016-12-10	VACCINATIONS	06	4	4
62	2016-12-11	VACCINATIONS	05	4	3
66	2016-12-11	VACCINATIONS	05	4	2
21	2016-12-12	VACCINATIONS	05	4	1
6	2016-12-13	VACCINATIONS	05	4	3
9	2016-12-14	VACCINATIONS	05	4	1
14	2016-12-14	VACCINATIONS	05	4	2
42	2016-12-15	VACCINATIONS	05	4	4
43	2016-06-17	GROOMING	03	2	1
88	2016-06-17	GROOMING	01	2	3
71	2016-06-18	GROOMING	03	2	2
46	2016-06-18	GROOMING	01	2	3
68	2016-12-15	VACCINATIONS	05	4	1
36	2016-12-15	VACCINATIONS	05	4	4
101	2016-06-20	GROOMING	03	2	4
1	2016-06-20	GROOMING	01	2	3
64	2016-12-15	VACCINATIONS	05	4	1
45	2016-12-15	VACCINATIONS	05	4	2
70	2016-07-22	GROOMING	03	3	2
91	2016-07-23	GROOMING	03	3	4
55	2016-07-25	OFFICE FEES	01	3	1
87	2016-07-25	GROOMING	03	3	1
11	2016-07-25	GROOMING	03	3	4
84	2016-07-26	GROOMING	01	3	3
53	2016-07-28	GROOMING	03	3	4
4	2016-07-28	GROOMING	01	3	4
42	2016-07-28	GROOMING	01	3	3
17	2016-07-30	GROOMING	01	3	2
80	2016-07-31	GROOMING	03	3	1
25	2016-08-01	GROOMING	01	3	4
85	2016-08-01	GROOMING	01	3	2
93	2016-08-21	GENERAL SURGERIES	08	3	3
37	2016-08-02	ORTHOPEDIC	01	3	1
20	2016-08-03	ORTHOPEDIC	08	3	2
58	2016-08-08	ORTHOPEDIC	07	3	1
9	2016-08-07	GROOMING	03	3	4
14	2016-08-09	ORTHOPEDIC	06	3	2
35	2016-08-10	ORTHOPEDIC	06	3	1
5	2016-08-14	ORTHOPEDIC	02	3	2
48	2016-08-14	ORTHOPEDIC	05	3	1
98	2016-08-09	GROOMING	03	3	4
6	2016-08-17	ORTHOPEDIC	02	3	1
96	2016-08-10	GROOMING	02	3	1
65	2016-08-10	GROOMING	03	3	4
2	2016-08-10	GROOMING	01	3	3
82	2016-08-12	GROOMING	01	3	2
40	2016-08-12	GROOMING	01	3	2
57	2016-08-13	GROOMING	03	3	3
61	2016-08-13	GROOMING	01	3	2
8	2016-08-14	GROOMING	03	3	4
47	2016-08-14	OFFICE FEES	03	3	3
15	2016-08-14	GROOMING	03	3	3
94	2016-08-14	GROOMING	01	3	4
57	2016-08-14	GROOMING	01	3	2
98	2016-08-15	GROOMING	01	3	1
45	2016-08-15	GROOMING	01	3	4
61	2016-08-17	GROOMING	03	3	2
39	2016-08-17	GROOMING	01	3	4
62	2016-08-19	GROOMING	01	3	1
75	2016-11-12	GROOMING	02	4	4
72	2016-11-12	GROOMING	01	4	2
70	2016-11-13	GROOMING	01	4	1
4	2016-11-15	GROOMING	01	4	1
70	2016-11-15	GROOMING	01	4	1
33	2016-11-16	GROOMING	01	4	2
91	2016-11-17	GROOMING	01	4	1
77	2016-11-19	GROOMING	03	4	3
9	2016-11-19	GROOMING	03	4	4
10	2016-12-30	ORTHOPEDIC	03	4	2
13	2019-08-29	VACCINATIONS	05	3	4
\.


--
-- Data for Name: ids; Type: TABLE DATA; Schema: public; Owner: postgres
--

COPY public.ids (id) FROM stdin;
1
2
3
4
5
6
7
8
9
10
11
12
13
14
15
16
17
18
19
20
21
22
23
24
25
26
27
28
29
30
31
32
33
34
35
36
37
38
39
40
41
42
43
44
45
46
47
48
49
50
51
52
53
54
55
56
57
58
59
60
61
62
63
64
65
66
67
68
69
70
71
72
73
74
75
76
77
78
79
80
81
82
83
84
85
86
87
88
89
90
91
92
93
94
95
96
97
98
99
100
101
102
103
\.


--
-- Data for Name: owners; Type: TABLE DATA; Schema: public; Owner: postgres
--

COPY public.owners (owner_id, name, surname, streetaddress, city, state, statefull, zipcode, email, phone, data_last_updated) FROM stdin;
03139	Kiko	Peligro	30401 Upper Avenue	Santa Clara	CA	California	2414	Jin@yahoo.com	489087654	2017-02-02 00:00:00
10189	Tove	Gustafsson	39418654 East Avenue	Venice	CA	California	2414		\N	2020-08-26 00:00:00
1234	Roy	Krystyniak	18 Olbrachta 	Warsaw	MI	Michigan	02415		\N	2020-08-26 00:00:00
8215	Max	Smith	1054 Hayhurst Lane	Pontiac	MI	Michigan	48342	Max@gmail.com	481582153	2017-12-25 00:00:00
1334	Jason	Cantwell	2372 Don Jackson Lane	Southfield	MI	Michigan	48075	Jason@gmail.com	484213341	2016-05-26 00:00:00
2063	William	Vasquez	3806 Perry Street	Pontiac	MI	Michigan	48342	William@gmail.com	485520635	2018-02-09 00:00:00
2967	Travis	Bowman	3265 Front Street	Southfield	MI	Michigan	48075	Travis@gmail.com	487629675	2018-11-12 00:00:00
6731	Thomas	Boatwright	3149 Ripple Street	Saginaw	MI	Michigan	48607	Thomas@gmail.com	481267313	2018-10-25 00:00:00
4464	Daniel	Nielson	4876 Tully Street	Detroit	MI	Michigan	48219	Daniel@gmail.com	487644641	2018-03-29 00:00:00
5737	Alden	McMiller	3111 Tennessee Avenue	Pontiac	MI	Michigan	48342	Alden@gmail.com	487757371	2018-09-04 00:00:00
1312	Charles	Chidester	4086 Cottonwood Lane	Dutton	MI	Michigan	49316	Charles@gmail.com	485813126	2016-02-07 00:00:00
9828	Steven	Sheldon	2664 Bombardier Way	Wayne	MI	Michigan	48184	Steven@gmail.com	484698281	2018-05-15 00:00:00
7581	Florence	Nolen	3103 Howard Street	Grand Rapids	MI	Michigan	49503	Florence@gmail.com	482475814	2018-08-07 00:00:00
2755	Anne	Hudson	4110 Howard Street	Grand Rapids	MI	Michigan	49503	Anne@gmail.com	484427559	2017-06-21 00:00:00
9900	Marie	Floyd	314 Cunningham Court	Southfield	MI	Michigan	48075	Marie@gmail.com	486899001	2016-11-09 00:00:00
8143	Jackie	Hatmaker	949 John Avenue	East Lansing	MI	Michigan	48823	Jackie@gmail.com	487381436	2017-12-13 00:00:00
6194	Karen	Torres	3941 Ritter Avenue	Center Line	MI	Michigan	48015	Karen@gmail.com	482961942	2018-09-25 00:00:00
5833	Mary	Hurtado	4865 Juniper Drive	Saint Charles	MI	Michigan	48655	Mary@gmail.com	487158333	2018-12-30 00:00:00
9614	Carmen	Ingram	1056 Eagle Drive	Detroit	MI	Michigan	48219	Carmen@gmail.com	481796149	2016-12-21 00:00:00
4378	George	McDonald	4715 Wood Duck Drive	Marquette	MI	Michigan	49855	George@gmail.com	482443786	2017-04-01 00:00:00
1899	Jeffrey	Moore	2420 Echo Lane	Middleville	MI	Michigan	49333	Jeffrey@gmail.com	483818995	2018-02-28 00:00:00
7579	Ricardo	Peterson	4963 Mahlon Street	Ann Arbor	MI	Michigan	48104	Ricardo@gmail.com	489375791	2017-04-01 00:00:00
5447	Arthur	Reed	2651 Haven Lane	Lansing	MI	Michigan	48933	Arthur@gmail.com	481554474	2017-03-04 00:00:00
5502	Raul	North	4838 Corpening Drive	Farmington	MI	Michigan	48336	Raul@gmail.com	486155023	2018-03-22 00:00:00
3691	Richard	Duke	78 Amethyst Drive	Lansing	MI	Michigan	48911	Richard@gmail.com	482836915	2016-05-30 00:00:00
7484	Mario	Riddle	17 Rubaiyat Road	Fruitport	MI	Michigan	49415	Mario@gmail.com	484874845	2016-08-01 00:00:00
3034	Paul	Haring	2612 Tennessee Avenue	Southfield	MI	Michigan	48034	Paul@gmail.com	484630346	2018-11-12 00:00:00
7772	Gustavo	Jobe	249 Amethyst Drive	Bloomfield Township	MI	Michigan	48302	Gustavo@gmail.com	487977726	2017-02-24 00:00:00
5215	Larry	Hunt	3384 West Street	Grand Rapids	MI	Michigan	49503	Larry@gmail.com	487452152	2016-02-07 00:00:00
2700	Wm	Poulson	3959 Summit Park Avenue	Southfield	MI	Michigan	48075	Wm@gmail.com	485527001	2018-02-20 00:00:00
1766	Doris	Ray	1700 Mahlon Street	Farmington Hills	MI	Michigan	48335	Doris@gmail.com	481417668	2016-07-17 00:00:00
6102	Robert	Partridge	704 Railroad Street	Marquette	MI	Michigan	49855	Robert@gmail.com	485361026	2018-01-05 00:00:00
4793	Thomas	Arnold	1028 Haven Lane	Lansing	MI	Michigan	48933	Thomas@gmail.com	482747939	2016-05-09 00:00:00
3086	Ed	Enriquez	3413 Reppert Coal Road	Warren	MI	Michigan	48093	Ed@gmail.com	486730862	2017-12-18 00:00:00
9037	Roger	Lade	1315 Echo Lane	Grand Rapids	MI	Michigan	49503	Roger@gmail.com	487890377	2017-09-08 00:00:00
7846	Elvia	Warren	2041 Eagle Drive	Southfield	MI	Michigan	48075	Elvia@gmail.com	482378466	2016-05-16 00:00:00
9365	Bruce	Tatum	1712 Woodbridge Lane	Livonia	MI	Michigan	48150	Bruce@gmail.com	489793652	2017-05-01 00:00:00
5207	Susan	Corrigan	2569 Prudence Street	Detroit	MI	Michigan	48221	Susan@gmail.com	484352078	2017-10-04 00:00:00
3644	Dorothy	Whitworth	1348 Ripple Street	Saginaw	MI	Michigan	48607	Dorothy@gmail.com	483536449	2018-02-08 00:00:00
1306	Benjamin	Spears	1507 Twin Oaks Drive	Clam River	MI	Michigan	49612	Benjamin@gmail.com	488513067	2017-06-27 00:00:00
6157	Dan	Hysell	3231 Hayhurst Lane	Plymouth	MI	Michigan	48170	Dan@gmail.com	488661575	2018-02-05 00:00:00
2103	Robert	Adkins	2102 Perry Street	Flint	MI	Michigan	48548	Robert@gmail.com	488321033	2017-02-12 00:00:00
7219	John	White	4723 West Street	Hudsonville	MI	Michigan	49426	John@gmail.com	481972191	2018-08-27 00:00:00
9850	Gary	Snider	3139 Nash Street	Detroit	MI	Michigan	48227	Gary@gmail.com	487198504	2017-04-04 00:00:00
5168	Robert	Foster	4680 Rubaiyat Road	Grand Rapids	MI	Michigan	49503	Robert@gmail.com	483151681	2018-04-13 00:00:00
9427	Robert	McKinney	3425 Shingleton Road	Oshtemo	MI	Michigan	49077	Robert@gmail.com	484594272	2016-10-28 00:00:00
3661	Bruce	Hart	2497 Nash Street	Southfield	MI	Michigan	48075	Bruce@gmail.com	488936614	2016-06-22 00:00:00
4185	Andrew	Salazar	1968 Veltri Drive	Marquette	MI	Michigan	49855	Andrew@gmail.com	486341859	2018-08-11 00:00:00
4110	Gregory	Aucoin	4849 Elk Avenue	Lansing	MI	Michigan	48933	Gregory@gmail.com	486441101	2017-04-28 00:00:00
8316	Daniel	Fay	894 Twin Oaks Drive	Grand Rapids	MI	Michigan	49503	Daniel@gmail.com	488383166	2016-05-03 00:00:00
7085	Gene	Kern	4265 Pinewood Avenue	Bruce Crossing	MI	Michigan	49912	Gene@gmail.com	484470857	2016-10-03 00:00:00
3089	Lee	McKenzie	3295 Pinewood Avenue	Marquette	MI	Michigan	49855	Lee@gmail.com	484230899	2017-05-05 00:00:00
2809	Bruce	Dunne	4119 Kimberly Way	Grand Rapids	MI	Michigan	49503	Bruce@gmail.com	489828091	2018-05-24 00:00:00
3663	Lena	Haliburton	4217 Twin Oaks Drive	Traverse City	MI	Michigan	49684	Lena@gmail.com	483936639	2016-07-25 00:00:00
1070	Jessica	Velazquez	3861 Woodbridge Lane	Southfield	MI	Michigan	48034	Jessica@gmail.com	487310708	2017-07-05 00:00:00
2419	Luisa	Cuellar	1308 Shingleton Road	Kalamazoo	MI	Michigan	49007	Luisa@gmail.com	483724194	2018-07-15 00:00:00
7908	Paula	Browning	4915 Prudence Street	Lincoln Park	MI	Michigan	48146	Paula@gmail.com	488579083	2017-03-08 00:00:00
1132	Rosa	Quarles	4791 Tennessee Avenue	Southfield	MI	Michigan	48034	Rosa@gmail.com	484311327	2016-08-27 00:00:00
7663	Julia	Gowan	1342 Ben Street	Lansing	MI	Michigan	48933	Julia@gmail.com	485276638	2018-12-29 00:00:00
7606	Edna	Moreno	2548 Wetzel Lane	Grand Rapids	MI	Michigan	49503	Edna@gmail.com	486676066	2016-11-28 00:00:00
4408	Sabrina	Britton	1232 Owen Lane	Fremont	MI	Michigan	49412	Sabrina@gmail.com	488944089	2018-08-01 00:00:00
5508	Charles	Swarey	2463 Charles Street	Flint	MI	Michigan	48548	Charles@gmail.com	486455082	2016-05-06 00:00:00
1915	Christopher	Bowers	3575 Woodbridge Lane	Detroit	MI	Michigan	48226	Christopher@gmail.com	486419159	2018-10-16 00:00:00
7101	Bessie	Yen	30 Cunningham Court	Rochester Hills	MI	Michigan	48306	Bessie@gmail.com	486671018	2017-04-07 00:00:00
7261	Tony	Long	536 Bombardier Way	Ann Arbor	MI	Michigan	48104	Tony@gmail.com	483672618	2017-02-12 00:00:00
9604	William	Tea	367 Cherry Ridge Drive	Roseville	MI	Michigan	48066	William@gmail.com	487496043	2018-06-19 00:00:00
1319	Joe	Custer	2765 Wildrose Lane	Westland	MI	Michigan	48185	Joe@gmail.com	481813195	2018-04-23 00:00:00
7340	Debra	Robins	3437 Summit Park Avenue	Southfield	MI	Michigan	48075	Debra@gmail.com	487373407	2016-03-21 00:00:00
6049	Debbie	Metivier	315 Goff Avenue	Grand Rapids	MI	Michigan	49503	Debbie@gmail.com	486860493	2018-08-11 00:00:00
3518	Connie	Pauley	1539 Cunningham Court	Bloomfield Township	MI	Michigan	48302	Connie@gmail.com	482735183	2016-10-17 00:00:00
8619	Robert	Williams	2628 Ben Street	East Lansing	MI	Michigan	48823	Robert@gmail.com	482386196	2018-03-27 00:00:00
9385	Joyce	Lopez	1622 Goff Avenue	Kalamazoo	MI	Michigan	49007	Joyce@gmail.com	483993851	2016-09-21 00:00:00
2863	John	Sebastian	3221 Perry Street	Davison	MI	Michigan	48423	John@gmail.com	483528636	2016-06-12 00:00:00
7343	Bobbie	Junior	3930 Eagle Drive	Detroit	MI	Michigan	48219	Bobbie@gmail.com	481173439	2016-06-28 00:00:00
6406	Catherine	Hundley	1381 Wildrose Lane	Highland Park	MI	Michigan	48203	Catherine@gmail.com	482364066	2018-12-02 00:00:00
1202	Susan	Jackson	3677 Daylene Drive	Livonia	MI	Michigan	48154	Susan@gmail.com	487312023	2017-03-09 00:00:00
6405	Lawrence	Roder	1386 Hayhurst Lane	Southfield	MI	Michigan	48034		485464052	2020-08-26 00:00:00
1653	Carolyn	Crane	3952 Jarvisville Road	Lansing	MI	Michigan	48933		485216534	2020-08-26 00:00:00
3245	Susan	Luna	859 Corpening Drive	Commerce	MI	Michigan	48085		482132453	2020-08-26 00:00:00
5806	Jerry	Reyna	1073 Rubaiyat Road	Grand Rapids	MI	Michigan	49503	Jerry@gmail.com	489258061	2018-10-23 00:00:00
7359	Deborah	Bray	2859 Robinson Court	Caro	MI	Michigan	48723	Deborah@gmail.com	484773593	2016-04-01 00:00:00
3615	Marion	Glover	2311 Cherry Ridge Drive	Southfield	MI	Michigan	48075	Marion@gmail.com	485836158	2016-03-24 00:00:00
8133	Stacey	Randolph	1145 D Street	Southfield	MI	Michigan	48075	Stacey@gmail.com	485381338	2018-02-24 00:00:00
1546	Joseph	Blow	556 D Street	Southfield	MI	Michigan	48075		484515466	2020-08-26 00:00:00
7393	Tom	Topper	3518 Haven Lane	Grand Ledge	MI	Michigan	48837	Tom@gmail.com	483273939	2018-09-23 00:00:00
7023	Gertrude	Harris	736 Daylene Drive	Bloomfield Township	MI	Michigan	48302	Gertrude@gmail.com	489170239	2016-11-17 00:00:00
5796	Denise	Haire	3192 Woodbridge Lane	Detroit	MI	Michigan	48219	Denise@gmail.com	483157968	2018-07-11 00:00:00
6923	Hassan	Stevens	3363 Shingleton Road	Bridgman	MI	Michigan	49106	Hassan@gmail.com	487769231	2018-06-04 00:00:00
2722	John	Jordan	1799 Elk Avenue	Michigan Center	MI	Michigan	49254	John@gmail.com	485427229	2017-02-18 00:00:00
9039	Enrique	Baker	774 Robinson Court	Saginaw	MI	Michigan	48607	Enrique@gmail.com	487690396	2016-04-12 00:00:00
4989	Sarah	Canada	3216 Reppert Coal Road	Bloomfield Township	MI	Michigan	48302	Sarah@gmail.com	481749899	2016-10-05 00:00:00
8830	Elizabeth	Griffin	2222 Daylene Drive	Southfield	MI	Michigan	48075	Elizabeth@gmail.com	487188308	2016-07-10 00:00:00
0666	Wojtashek	Young	3941 Ritter Avenue	Santa Monica	CA	California	2414	young@yahoo.com	489087654	2018-12-22 00:00:00
0101	Bartek	Ho	3941 Ritter Avenue	Santa Monica	CA	California	2414	ho@yahoo.com	489087654	2017-11-11 00:00:00
1111	Maria	Chin	3941 Ritter Avenue	SanFrancisco	CA	California	2414		489087654	2020-08-26 00:00:00
1313	Anna	Jin	71 Strandgade	Santa Monica	CA	California	2414	\N	489087654	2020-08-26 00:00:00
\.


--
-- Data for Name: pets; Type: TABLE DATA; Schema: public; Owner: postgres
--

COPY public.pets (pet_id, name, kind, gender, age, owner_id, sign_up) FROM stdin;
1	Blackie	Dog	M	11	5168	2012-05-25
2	Roomba	Cat	M	9	5508	2012-01-21
3	Simba	Cat	M	1	3086	2013-08-17
5	Cuddles	Dog	M	13	4378	2012-08-24
8	Simba	Cat	M	0	2700	2012-12-15
10	Heisenberg	Dog	M	3	1319	2012-02-21
14	Danger	Dog	M	5	3661	2013-01-18
15	Danger	Dog	M	9	9037	2012-03-10
16	Scooter	Dog	M	9	9850	2015-07-07
17	Bandit	Parrot	M	11	6102	2012-11-09
19	Crockett	Dog	M	12	1334	2012-10-24
21	Bandit	Parrot	M	5	1899	2014-04-15
23	Taz	Dog	M	12	2103	2013-01-24
24	Simba	Cat	M	11	4793	2012-04-20
25	Tiger	Cat	M	12	7772	2014-12-01
26	Schwarzkopf	Dog	M	4	6731	2012-05-03
4	Keller	Parrot	F	2	7908	2012-01-06
6	Vuitton	Parrot	F	11	7581	2014-09-02
7	Priya	Cat	F	7	7343	2014-06-06
9	Cookie	Cat	F	8	7606	2013-03-26
11	Stowe	Cat	F	15	1132	2015-01-21
12	Scout	Dog	F	2	7846	2015-07-04
13	Lily	Dog	F	3	7846	2014-04-02
18	Cookie	Cat	F	9	5508	2012-09-11
20	Oakley	Parrot	F	4	4989	2014-10-16
22	Biscuit	Dog	F	5	5833	2012-09-04
27	Lily	Dog	F	0	2419	2013-05-10
41	Maripol	Parrot	F	7	9614	2012-10-18
42	Candy	Dog	F	3	8133	2014-03-28
45	Candy	Dog	F	9	4408	2015-04-15
49	Sarosh	Cat	F	9	7359	2012-05-01
54	Daisy	Dog	F	13	9850	2015-12-31
55	Biscuit	Dog	F	1	3663	2014-12-03
56	Daisy	Dog	F	8	3644	2014-12-19
59	Angel	Dog	F	12	3089	2015-08-16
63	Biscuit	Dog	F	4	6049	2012-05-16
64	Biscuit	Dog	F	2	6194	2015-05-21
66	Biscuit	Dog	F	5	2863	2014-08-09
67	Dior	Parrot	F	4	9900	2013-08-11
69	Lexie	Dog	F	1	5207	2015-04-07
76	Antigone	Cat	F	8	7663	2014-04-25
79	Natacha	Parrot	F	11	2755	2014-06-17
83	Daisy	Dog	F	6	7023	2014-09-29
86	Daisy	Dog	F	4	3245	2013-08-31
87	Peanut	Dog	F	13	5796	2012-01-21
90	Collette	Dog	F	4	1306	2015-09-05
93	Brandy	Cat	F	3	6406	2013-09-16
96	Biscuit	Dog	F	3	1070	2015-10-13
97	Cookie	Cat	F	3	7340	2014-11-09
98	Lakshmi	Cat	F	7	9385	2012-09-25
30	Taz	Dog	M	4	8133	2013-07-11
31	Cuddles	Dog	M	5	3615	2014-05-31
32	Cookie	Dog	M	9	5806	2014-03-21
35	Bruce	Dog	M	3	8316	2014-03-26
37	Bright	Dog	M	7	7085	2014-09-16
40	Bright	Dog	M	12	4185	2015-12-10
43	Tiger	Dog	M	15	7393	2015-06-12
44	Pip	Dog	M	3	7484	2015-01-19
46	Goethe	Dog	M	12	2063	2015-08-21
47	Houdini	Dog	M	5	2967	2014-07-24
48	Dexter	Parrot	M	10	7484	2012-02-22
50	Bright	Dog	M	13	3089	2015-05-17
51	Cookie	Dog	M	12	5215	2014-12-07
52	Ebenezer	Cat	M	0	5508	2014-08-14
53	Newcastle	Cat	M	6	6405	2012-01-19
57	Bruce	Dog	M	1	5502	2012-05-02
58	Bonaparte	Dog	M	4	8215	2012-04-11
60	Scooter	Dog	M	7	5737	2014-02-27
61	Simba	Cat	M	15	6102	2013-10-20
62	Danger	Dog	M	8	1306	2014-01-12
65	Rumba	Cat	M	8	1915	2014-01-27
68	Danger	Dog	M	7	6157	2012-10-11
70	Cuddles	Dog	M	2	5447	2012-10-16
71	Jeep	Cat	M	6	6923	2012-09-19
72	Bright	Dog	M	1	4110	2012-01-23
73	Humbert	Cat	M	12	8133	2015-01-12
74	Jake	Dog	M	8	9039	2012-02-29
75	Cuddles	Dog	M	14	7579	2015-02-10
77	Rumba	Cat	M	10	7219	2015-10-19
78	Jake	Cat	M	2	3089	2013-09-01
80	Dexter	Parrot	M	4	7261	2012-02-16
81	Kashi	Cat	M	5	2722	2013-01-15
82	Bruce	Dog	M	12	2809	2013-05-22
84	Draper	Cat	M	3	8619	2013-02-02
85	Tiger	Cat	M	14	3034	2013-05-21
88	Rumba	Cat	M	5	1312	2013-09-21
89	Bruce	Dog	M	0	3691	2013-12-10
91	Rumba	Cat	M	7	9828	2015-11-18
92	Blackie	Dog	M	6	1546	2015-09-29
94	Bandit	Parrot	M	2	9604	2012-04-02
95	Scooter	Dog	M	3	4464	2015-02-16
99	Swiffer	Cat	M	14	9365	2012-07-23
100	Taz	Dog	M	6	9427	2014-02-13
28	Biscuit	Dog	F	8	3518	2012-08-27
29	Thatcher	Parrot	F	8	8143	2013-10-27
33	Biscuit	Dog	F	10	7101	2013-07-31
34	Enyo	Cat	F	12	1202	2012-01-15
36	Scout	Dog	F	14	1766	2014-03-24
38	Cookie	Cat	F	6	1653	2012-08-28
39	Sojourner	Cat	F	0	8830	2015-03-09
101	Porsche	Cat	K	6	0101	2020-08-31
104	Koko	Dog	K	5	5168	2020-08-31
102	Gucio	Hamster	M	3	5168	2020-08-31
\.


--
-- Name: pets_petid_seq; Type: SEQUENCE SET; Schema: public; Owner: postgres
--

SELECT pg_catalog.setval('public.pets_petid_seq', 104, true);


--
-- Data for Name: procedure; Type: TABLE DATA; Schema: public; Owner: postgres
--

COPY public.procedure (proceduretype, proceduresubcode, description, price, procedureid) FROM stdin;
OFFICE FEES	01	Office Call	32	1
GROOMING	01	Bath	15	4
VACCINATIONS	01	Galaxie (DHLPP)	15	7
HOSPITALIZATION	01	All Hospitalization	25	13
ORTHOPEDIC	01	Amput. per lim thor.	400	14
GENERAL SURGERIES	01	Anal Gland Caut	150	23
OFFICE FEES	02	Emergency	100	2
GROOMING	02	Flea Dip	15	5
VACCINATIONS	02	Leukemia	20	8
ORTHOPEDIC	02	Casting	97	15
GENERAL SURGERIES	02	Aural Hematoma	108	24
OFFICE FEES	03	Reck	24	3
GROOMING	03	Flea Spray	10	6
VACCINATIONS	03	Lyme	15	9
ORTHOPEDIC	03	Re-Casting	62	16
GENERAL SURGERIES	03	Declaw	125	25
VACCINATIONS	04	PCR	15	10
ORTHOPEDIC	04	Fem. head Ostec.	420	17
GENERAL SURGERIES	04	Dissolvable Suture	15	26
VACCINATIONS	05	Rabies	10	11
ORTHOPEDIC	05	Lx Patella Repair	305	18
GENERAL SURGERIES	05	Ear Crop	350	27
VACCINATIONS	06	Bordetella	10	12
ORTHOPEDIC	06	Metamason Splint	50	19
GENERAL SURGERIES	06	Gastric Torsion	450	28
ORTHOPEDIC	07	Pinning-I.M.	325	20
GENERAL SURGERIES	07	Hernia	390	29
ORTHOPEDIC	08	Pin Removal	68	21
GENERAL SURGERIES	08	Umbilical	175	30
ORTHOPEDIC	09	Cast Removal	40	22
GENERAL SURGERIES	09	Perineal	375	31
GENERAL SURGERIES	010	Unilat Inquinal	195	32
GENERAL SURGERIES	011	Intestinal Anas	775	33
GENERAL SURGERIES	012	Open Chest Surgery	500	34
GENERAL SURGERIES	013	Perineal Adenoma	175	35
GENERAL SURGERIES	014	Peritoneal Lavage	85	36
GENERAL SURGERIES	015	Pyloric Stenosis	425	37
GENERAL SURGERIES	018	Salivary Cyst Ex	570	40
GENERAL SURGERIES	017	Radical Mastectomy	450	39
GENERAL SURGERIES	016	Splenectomy	375	38
GENERAL SURGERIES	019	Tail Dock-Amputation	250	41
\.


--
-- Data for Name: rabis; Type: TABLE DATA; Schema: public; Owner: postgres
--

COPY public.rabis (petid, proceduredate, kind, next_visit) FROM stdin;
42	2016-02-15	Dog	2017-02-15
37	2016-01-25	Dog	2017-01-25
54	2016-02-01	Dog	2017-02-01
22	2016-12-21	Dog	2017-12-21
40	2016-05-05	Dog	2017-05-05
60	2016-12-18	Dog	2017-12-18
19	2016-01-13	Dog	2017-01-13
47	2016-12-08	Dog	2017-12-08
14	2016-10-30	Dog	2017-10-30
75	2016-03-19	Dog	2017-03-19
58	2016-04-19	Dog	2017-04-19
60	2016-12-02	Dog	2017-12-02
82	2016-02-14	Dog	2017-02-14
46	2016-02-23	Dog	2017-02-23
89	2016-06-02	Dog	2017-06-02
70	2016-03-03	Dog	2017-03-03
66	2016-05-30	Dog	2017-05-30
90	2016-05-15	Dog	2017-05-15
30	2016-06-02	Dog	2017-06-02
90	2016-09-04	Dog	2017-09-04
62	2016-12-11	Dog	2017-12-11
32	2016-06-29	Dog	2017-06-29
33	2016-07-05	Dog	2017-07-05
44	2016-05-08	Dog	2017-05-08
59	2016-05-24	Dog	2017-05-24
47	2016-02-24	Dog	2017-02-24
15	2016-10-24	Dog	2017-10-24
69	2016-10-14	Dog	2017-10-14
19	2016-09-08	Dog	2017-09-08
37	2016-01-27	Dog	2017-01-27
30	2016-11-02	Dog	2017-11-02
69	2016-02-04	Dog	2017-02-04
35	2016-04-22	Dog	2017-04-22
13	2016-02-09	Dog	2017-02-09
13	2016-03-12	Dog	2017-03-12
22	2016-02-09	Dog	2017-02-09
57	2016-10-19	Dog	2017-10-19
75	2016-08-30	Dog	2017-08-30
32	2016-11-29	Dog	2017-11-29
92	2016-08-29	Dog	2017-08-29
46	2016-08-23	Dog	2017-08-23
83	2016-02-03	Dog	2017-02-03
10	2016-06-29	Dog	2017-06-29
30	2016-05-22	Dog	2017-05-22
95	2016-05-30	Dog	2017-05-30
87	2016-01-16	Dog	2017-01-16
75	2016-11-21	Dog	2017-11-21
31	2016-09-19	Dog	2017-09-19
15	2016-10-30	Dog	2017-10-30
44	2016-01-22	Dog	2017-01-22
62	2016-02-12	Dog	2017-02-12
10	2016-05-09	Dog	2017-05-09
83	2016-04-08	Dog	2017-04-08
23	2016-12-01	Dog	2017-12-01
47	2016-03-08	Dog	2017-03-08
56	2016-02-04	Dog	2017-02-04
42	2016-02-14	Dog	2017-02-14
92	2016-05-08	Dog	2017-05-08
30	2016-02-03	Dog	2017-02-03
46	2016-02-27	Dog	2017-02-27
56	2016-02-12	Dog	2017-02-12
27	2016-10-20	Dog	2017-10-20
96	2016-02-01	Dog	2017-02-01
64	2016-08-20	Dog	2017-08-20
72	2016-03-09	Dog	2017-03-09
57	2016-04-22	Dog	2017-04-22
19	2016-02-04	Dog	2017-02-04
66	2016-08-23	Dog	2017-08-23
54	2016-07-02	Dog	2017-07-02
43	2016-03-10	Dog	2017-03-10
51	2016-10-12	Dog	2017-10-12
14	2016-10-16	Dog	2017-10-16
44	2016-06-26	Dog	2017-06-26
72	2016-02-07	Dog	2017-02-07
70	2016-12-02	Dog	2017-12-02
37	2016-10-19	Dog	2017-10-19
45	2016-12-02	Dog	2017-12-02
87	2016-03-31	Dog	2017-03-31
100	2016-06-25	Dog	2017-06-25
57	2016-04-25	Dog	2017-04-25
58	2016-02-05	Dog	2017-02-05
59	2016-09-09	Dog	2017-09-09
95	2016-01-26	Dog	2017-01-26
47	2016-10-08	Dog	2017-10-08
55	2016-12-18	Dog	2017-12-18
1	2016-07-20	Dog	2017-07-20
74	2016-03-03	Dog	2017-03-03
55	2016-12-02	Dog	2017-12-02
27	2016-12-02	Dog	2017-12-02
40	2016-12-10	Dog	2017-12-10
68	2016-12-27	Dog	2017-12-27
68	2016-02-18	Dog	2017-02-18
62	2016-02-03	Dog	2017-02-03
50	2016-05-08	Dog	2017-05-08
47	2016-08-24	Dog	2017-08-24
90	2016-06-25	Dog	2017-06-25
31	2016-11-02	Dog	2017-11-02
16	2016-07-06	Dog	2017-07-06
74	2016-08-30	Dog	2017-08-30
58	2016-12-16	Dog	2017-12-16
37	2016-07-05	Dog	2017-07-05
68	2016-12-23	Dog	2017-12-23
15	2016-01-13	Dog	2017-01-13
55	2016-12-30	Dog	2017-12-30
89	2016-02-04	Dog	2017-02-04
83	2016-05-04	Dog	2017-05-04
70	2016-09-30	Dog	2017-09-30
42	2016-06-25	Dog	2017-06-25
60	2016-03-28	Dog	2017-03-28
15	2016-05-28	Dog	2017-05-28
75	2016-08-03	Dog	2017-08-03
57	2016-02-03	Dog	2017-02-03
12	2016-09-25	Dog	2017-09-25
43	2016-05-12	Dog	2017-05-12
83	2016-12-01	Dog	2017-12-01
31	2016-05-22	Dog	2017-05-22
54	2016-12-22	Dog	2017-12-22
75	2016-12-18	Dog	2017-12-18
68	2016-04-13	Dog	2017-04-13
19	2016-08-01	Dog	2017-08-01
50	2016-01-22	Dog	2017-01-22
1	2016-04-05	Dog	2017-04-05
96	2016-12-07	Dog	2017-12-07
26	2016-12-21	Dog	2017-12-21
90	2016-09-17	Dog	2017-09-17
42	2016-07-21	Dog	2017-07-21
100	2016-07-10	Dog	2017-07-10
92	2016-02-03	Dog	2017-02-03
63	2016-11-19	Dog	2017-11-19
15	2016-08-25	Dog	2017-08-25
54	2016-08-24	Dog	2017-08-24
43	2016-12-08	Dog	2017-12-08
22	2016-05-15	Dog	2017-05-15
66	2016-12-10	Dog	2017-12-10
28	2016-11-06	Dog	2017-11-06
90	2016-10-17	Dog	2017-10-17
74	2016-03-19	Dog	2017-03-19
70	2016-12-03	Dog	2017-12-03
54	2016-01-11	Dog	2017-01-11
95	2016-02-04	Dog	2017-02-04
13	2016-02-05	Dog	2017-02-05
75	2016-12-19	Dog	2017-12-19
69	2016-02-23	Dog	2017-02-23
86	2016-06-29	Dog	2017-06-29
10	2016-07-16	Dog	2017-07-16
66	2016-12-11	Dog	2017-12-11
58	2016-07-21	Dog	2017-07-21
62	2016-06-02	Dog	2017-06-02
33	2016-05-04	Dog	2017-05-04
37	2016-02-08	Dog	2017-02-08
26	2016-10-04	Dog	2017-10-04
60	2016-11-10	Dog	2017-11-10
1	2016-07-16	Dog	2017-07-16
74	2016-12-03	Dog	2017-12-03
12	2016-12-28	Dog	2017-12-28
83	2016-12-04	Dog	2017-12-04
82	2016-02-09	Dog	2017-02-09
15	2016-01-27	Dog	2017-01-27
23	2016-02-03	Dog	2017-02-03
69	2016-08-01	Dog	2017-08-01
54	2016-08-21	Dog	2017-08-21
100	2016-05-24	Dog	2017-05-24
86	2016-09-09	Dog	2017-09-09
16	2016-07-30	Dog	2017-07-30
46	2016-02-04	Dog	2017-02-04
36	2016-01-30	Dog	2017-01-30
87	2016-04-21	Dog	2017-04-21
1	2016-07-21	Dog	2017-07-21
12	2016-10-21	Dog	2017-10-21
60	2016-05-25	Dog	2017-05-25
92	2016-04-08	Dog	2017-04-08
35	2016-02-03	Dog	2017-02-03
46	2016-04-04	Dog	2017-04-04
14	2016-02-12	Dog	2017-02-12
95	2016-10-19	Dog	2017-10-19
69	2016-04-16	Dog	2017-04-16
30	2016-05-04	Dog	2017-05-04
27	2016-07-17	Dog	2017-07-17
83	2016-02-04	Dog	2017-02-04
28	2016-02-04	Dog	2017-02-04
26	2016-05-02	Dog	2017-05-02
44	2016-08-01	Dog	2017-08-01
36	2016-10-14	Dog	2017-10-14
57	2016-11-02	Dog	2017-11-02
51	2016-05-14	Dog	2017-05-14
63	2016-11-15	Dog	2017-11-15
92	2016-06-04	Dog	2017-06-04
19	2016-06-02	Dog	2017-06-02
15	2016-02-04	Dog	2017-02-04
35	2016-02-08	Dog	2017-02-08
64	2016-11-21	Dog	2017-11-21
22	2016-09-09	Dog	2017-09-09
14	2016-04-30	Dog	2017-04-30
43	2016-07-06	Dog	2017-07-06
14	2016-09-19	Dog	2017-09-19
66	2016-09-08	Dog	2017-09-08
70	2016-08-08	Dog	2017-08-08
13	2016-09-09	Dog	2017-09-09
10	2016-07-18	Dog	2017-07-18
36	2016-12-22	Dog	2017-12-22
40	2016-12-05	Dog	2017-12-05
89	2016-08-21	Dog	2017-08-21
56	2016-12-05	Dog	2017-12-05
75	2016-11-20	Dog	2017-11-20
31	2016-06-23	Dog	2017-06-23
64	2016-09-15	Dog	2017-09-15
46	2016-06-01	Dog	2017-06-01
45	2016-02-14	Dog	2017-02-14
40	2016-02-01	Dog	2017-02-01
95	2016-10-11	Dog	2017-10-11
57	2016-09-11	Dog	2017-09-11
51	2016-03-07	Dog	2017-03-07
35	2016-05-07	Dog	2017-05-07
90	2016-12-27	Dog	2017-12-27
95	2016-12-07	Dog	2017-12-07
96	2016-04-22	Dog	2017-04-22
36	2016-12-15	Dog	2017-12-15
42	2016-11-16	Dog	2017-11-16
66	2016-07-13	Dog	2017-07-13
30	2016-03-17	Dog	2017-03-17
95	2016-03-10	Dog	2017-03-10
37	2016-08-06	Dog	2017-08-06
13	2016-03-29	Dog	2017-03-29
51	2016-05-12	Dog	2017-05-12
47	2016-01-13	Dog	2017-01-13
5	2016-04-03	Dog	2017-04-03
96	2016-02-04	Dog	2017-02-04
5	2016-07-16	Dog	2017-07-16
55	2016-02-14	Dog	2017-02-14
19	2016-09-11	Dog	2017-09-11
55	2016-06-27	Dog	2017-06-27
70	2016-05-01	Dog	2017-05-01
50	2016-03-10	Dog	2017-03-10
100	2016-05-25	Dog	2017-05-25
33	2016-10-22	Dog	2017-10-22
63	2016-03-19	Dog	2017-03-19
74	2016-11-08	Dog	2017-11-08
64	2016-07-11	Dog	2017-07-11
50	2016-03-18	Dog	2017-03-18
56	2016-05-12	Dog	2017-05-12
74	2016-03-23	Dog	2017-03-23
87	2016-01-22	Dog	2017-01-22
69	2016-07-06	Dog	2017-07-06
96	2016-05-08	Dog	2017-05-08
13	2016-03-19	Dog	2017-03-19
50	2016-08-21	Dog	2017-08-21
60	2016-11-19	Dog	2017-11-19
100	2016-12-30	Dog	2017-12-30
23	2016-08-14	Dog	2017-08-14
69	2016-08-06	Dog	2017-08-06
37	2016-01-16	Dog	2017-01-16
44	2016-10-25	Dog	2017-10-25
51	2016-02-01	Dog	2017-02-01
40	2016-10-29	Dog	2017-10-29
59	2016-12-27	Dog	2017-12-27
62	2016-07-30	Dog	2017-07-30
35	2016-02-01	Dog	2017-02-01
100	2016-02-02	Dog	2017-02-02
55	2016-03-23	Dog	2017-03-23
56	2016-05-07	Dog	2017-05-07
26	2016-06-09	Dog	2017-06-09
12	2016-12-02	Dog	2017-12-02
22	2016-09-10	Dog	2017-09-10
59	2016-07-12	Dog	2017-07-12
72	2016-02-28	Dog	2017-02-28
92	2016-07-06	Dog	2017-07-06
23	2016-02-01	Dog	2017-02-01
47	2016-05-08	Dog	2017-05-08
33	2016-04-21	Dog	2017-04-21
50	2016-06-20	Dog	2017-06-20
72	2016-12-20	Dog	2017-12-20
36	2016-08-10	Dog	2017-08-10
43	2016-06-21	Dog	2017-06-21
42	2016-01-31	Dog	2017-01-31
47	2016-10-01	Dog	2017-10-01
90	2016-03-03	Dog	2017-03-03
44	2016-12-08	Dog	2017-12-08
100	2016-03-21	Dog	2017-03-21
62	2016-07-06	Dog	2017-07-06
100	2016-03-19	Dog	2017-03-19
47	2016-01-22	Dog	2017-01-22
56	2016-03-01	Dog	2017-03-01
82	2016-12-02	Dog	2017-12-02
31	2016-09-14	Dog	2017-09-14
32	2016-07-22	Dog	2017-07-22
23	2016-05-12	Dog	2017-05-12
44	2016-02-01	Dog	2017-02-01
12	2016-11-16	Dog	2017-11-16
59	2016-05-17	Dog	2017-05-17
23	2016-02-24	Dog	2017-02-24
68	2016-06-10	Dog	2017-06-10
33	2016-09-06	Dog	2017-09-06
68	2016-11-08	Dog	2017-11-08
13	2019-08-29	Dog	2020-08-29
58	2016-12-27	Dog	2017-12-27
54	2016-12-10	Dog	2017-12-10
15	2016-01-21	Dog	2017-01-21
33	2016-01-12	Dog	2017-01-12
82	2016-06-12	Dog	2017-06-12
83	2016-08-21	Dog	2017-08-21
46	2016-03-10	Dog	2017-03-10
70	2016-05-09	Dog	2017-05-09
70	2016-06-15	Dog	2017-06-15
90	2016-02-20	Dog	2017-02-20
27	2016-03-05	Dog	2017-03-05
59	2016-02-02	Dog	2017-02-02
43	2016-11-07	Dog	2017-11-07
74	2016-07-01	Dog	2017-07-01
23	2016-07-13	Dog	2017-07-13
59	2016-01-28	Dog	2017-01-28
23	2016-03-18	Dog	2017-03-18
36	2016-08-02	Dog	2017-08-02
60	2016-07-01	Dog	2017-07-01
74	2016-12-21	Dog	2017-12-21
23	2016-08-21	Dog	2017-08-21
89	2016-10-02	Dog	2017-10-02
74	2016-07-21	Dog	2017-07-21
16	2016-01-27	Dog	2017-01-27
27	2016-06-15	Dog	2017-06-15
60	2016-02-28	Dog	2017-02-28
74	2016-12-28	Dog	2017-12-28
54	2016-02-03	Dog	2017-02-03
92	2016-04-17	Dog	2017-04-17
30	2016-06-23	Dog	2017-06-23
82	2016-09-10	Dog	2017-09-10
86	2016-12-18	Dog	2017-12-18
28	2016-12-05	Dog	2017-12-05
56	2016-06-20	Dog	2017-06-20
14	2016-05-12	Dog	2017-05-12
30	2016-08-14	Dog	2017-08-14
100	2016-10-03	Dog	2017-10-03
56	2016-12-22	Dog	2017-12-22
89	2016-08-14	Dog	2017-08-14
13	2016-11-16	Dog	2017-11-16
19	2016-09-06	Dog	2017-09-06
60	2016-08-13	Dog	2017-08-13
96	2016-05-22	Dog	2017-05-22
82	2016-12-03	Dog	2017-12-03
44	2016-07-04	Dog	2017-07-04
51	2016-11-03	Dog	2017-11-03
72	2016-02-14	Dog	2017-02-14
100	2016-12-18	Dog	2017-12-18
95	2016-09-11	Dog	2017-09-11
30	2016-03-31	Dog	2017-03-31
31	2016-09-06	Dog	2017-09-06
23	2016-09-24	Dog	2017-09-24
72	2016-05-24	Dog	2017-05-24
82	2016-03-02	Dog	2017-03-02
74	2016-06-06	Dog	2017-06-06
10	2016-03-28	Dog	2017-03-28
66	2016-02-01	Dog	2017-02-01
74	2016-12-16	Dog	2017-12-16
33	2016-10-29	Dog	2017-10-29
46	2016-05-07	Dog	2017-05-07
83	2016-07-06	Dog	2017-07-06
95	2016-07-30	Dog	2017-07-30
16	2016-05-28	Dog	2017-05-28
31	2016-05-19	Dog	2017-05-19
68	2016-10-13	Dog	2017-10-13
50	2016-05-12	Dog	2017-05-12
68	2016-10-10	Dog	2017-10-10
12	2016-11-28	Dog	2017-11-28
14	2016-07-02	Dog	2017-07-02
46	2016-08-14	Dog	2017-08-14
55	2016-01-18	Dog	2017-01-18
82	2016-04-24	Dog	2017-04-24
64	2016-05-10	Dog	2017-05-10
28	2016-10-02	Dog	2017-10-02
1	2016-02-17	Dog	2017-02-17
12	2016-02-11	Dog	2017-02-11
28	2016-01-16	Dog	2017-01-16
89	2016-10-29	Dog	2017-10-29
28	2016-10-08	Dog	2017-10-08
45	2016-07-16	Dog	2017-07-16
32	2016-04-24	Dog	2017-04-24
63	2016-01-31	Dog	2017-01-31
19	2016-03-18	Dog	2017-03-18
47	2016-11-02	Dog	2017-11-02
5	2016-05-01	Dog	2017-05-01
47	2016-10-15	Dog	2017-10-15
12	2016-02-17	Dog	2017-02-17
22	2016-08-06	Dog	2017-08-06
89	2016-12-27	Dog	2017-12-27
23	2016-11-28	Dog	2017-11-28
45	2016-01-26	Dog	2017-01-26
45	2016-01-20	Dog	2017-01-20
96	2016-06-25	Dog	2017-06-25
31	2016-09-13	Dog	2017-09-13
69	2016-02-20	Dog	2017-02-20
14	2016-10-27	Dog	2017-10-27
75	2016-02-04	Dog	2017-02-04
55	2016-02-03	Dog	2017-02-03
70	2016-02-03	Dog	2017-02-03
13	2016-07-15	Dog	2017-07-15
57	2016-10-06	Dog	2017-10-06
44	2016-03-28	Dog	2017-03-28
64	2016-02-03	Dog	2017-02-03
37	2016-02-02	Dog	2017-02-02
69	2016-04-18	Dog	2017-04-18
5	2016-12-10	Dog	2017-12-10
96	2016-08-13	Dog	2017-08-13
45	2016-02-03	Dog	2017-02-03
59	2016-03-17	Dog	2017-03-17
96	2016-10-10	Dog	2017-10-10
82	2016-04-21	Dog	2017-04-21
96	2016-07-16	Dog	2017-07-16
66	2016-12-02	Dog	2017-12-02
64	2016-08-23	Dog	2017-08-23
45	2016-12-09	Dog	2017-12-09
86	2016-08-17	Dog	2017-08-17
89	2016-06-12	Dog	2017-06-12
13	2016-01-16	Dog	2017-01-16
26	2016-03-10	Dog	2017-03-10
96	2016-07-21	Dog	2017-07-21
60	2016-02-27	Dog	2017-02-27
33	2016-11-16	Dog	2017-11-16
92	2016-10-05	Dog	2017-10-05
68	2016-02-03	Dog	2017-02-03
26	2016-10-11	Dog	2017-10-11
54	2016-12-16	Dog	2017-12-16
5	2016-04-22	Dog	2017-04-22
10	2016-09-24	Dog	2017-09-24
26	2016-08-10	Dog	2017-08-10
16	2016-09-04	Dog	2017-09-04
82	2016-01-11	Dog	2017-01-11
22	2016-05-12	Dog	2017-05-12
32	2016-07-04	Dog	2017-07-04
23	2016-12-30	Dog	2017-12-30
64	2016-11-02	Dog	2017-11-02
70	2016-10-15	Dog	2017-10-15
13	2016-07-30	Dog	2017-07-30
10	2016-12-07	Dog	2017-12-07
56	2016-03-19	Dog	2017-03-19
5	2016-06-17	Dog	2017-06-17
92	2016-11-21	Dog	2017-11-21
37	2016-12-23	Dog	2017-12-23
27	2016-12-26	Dog	2017-12-26
19	2016-03-28	Dog	2017-03-28
44	2016-12-23	Dog	2017-12-23
43	2016-05-15	Dog	2017-05-15
64	2016-06-21	Dog	2017-06-21
35	2016-09-30	Dog	2017-09-30
63	2016-08-02	Dog	2017-08-02
82	2016-08-21	Dog	2017-08-21
87	2016-01-24	Dog	2017-01-24
13	2016-09-11	Dog	2017-09-11
45	2016-06-02	Dog	2017-06-02
89	2016-10-03	Dog	2017-10-03
57	2016-09-20	Dog	2017-09-20
1	2016-03-10	Dog	2017-03-10
54	2016-07-21	Dog	2017-07-21
42	2016-12-15	Dog	2017-12-15
46	2016-07-22	Dog	2017-07-22
75	2016-05-28	Dog	2017-05-28
1	2016-03-18	Dog	2017-03-18
5	2016-12-01	Dog	2017-12-01
83	2016-10-20	Dog	2017-10-20
56	2016-04-24	Dog	2017-04-24
15	2016-12-27	Dog	2017-12-27
19	2016-03-19	Dog	2017-03-19
13	2016-02-01	Dog	2017-02-01
1	2016-07-04	Dog	2017-07-04
28	2016-11-16	Dog	2017-11-16
68	2016-05-30	Dog	2017-05-30
54	2016-09-17	Dog	2017-09-17
96	2016-05-02	Dog	2017-05-02
35	2016-09-22	Dog	2017-09-22
82	2016-08-10	Dog	2017-08-10
83	2016-08-03	Dog	2017-08-03
28	2016-08-20	Dog	2017-08-20
100	2016-10-25	Dog	2017-10-25
42	2016-08-24	Dog	2017-08-24
16	2016-09-26	Dog	2017-09-26
72	2016-02-04	Dog	2017-02-04
83	2016-12-27	Dog	2017-12-27
35	2016-12-23	Dog	2017-12-23
12	2016-10-22	Dog	2017-10-22
56	2016-07-28	Dog	2017-07-28
15	2016-12-23	Dog	2017-12-23
63	2016-03-10	Dog	2017-03-10
68	2016-05-28	Dog	2017-05-28
54	2016-09-26	Dog	2017-09-26
83	2016-09-10	Dog	2017-09-10
58	2016-08-02	Dog	2017-08-02
86	2016-07-04	Dog	2017-07-04
64	2016-10-31	Dog	2017-10-31
45	2016-10-19	Dog	2017-10-19
45	2016-11-06	Dog	2017-11-06
16	2016-10-17	Dog	2017-10-17
58	2016-10-29	Dog	2017-10-29
63	2016-12-07	Dog	2017-12-07
75	2016-06-02	Dog	2017-06-02
90	2016-07-15	Dog	2017-07-15
82	2016-02-24	Dog	2017-02-24
19	2016-05-17	Dog	2017-05-17
22	2016-07-13	Dog	2017-07-13
56	2016-04-06	Dog	2017-04-06
59	2016-01-16	Dog	2017-01-16
55	2016-05-04	Dog	2017-05-04
32	2016-10-29	Dog	2017-10-29
66	2016-02-02	Dog	2017-02-02
19	2016-03-03	Dog	2017-03-03
46	2016-09-22	Dog	2017-09-22
22	2016-08-21	Dog	2017-08-21
68	2016-10-31	Dog	2017-10-31
15	2016-04-13	Dog	2017-04-13
10	2016-02-01	Dog	2017-02-01
42	2016-07-06	Dog	2017-07-06
90	2016-04-01	Dog	2017-04-01
33	2016-09-13	Dog	2017-09-13
27	2016-08-31	Dog	2017-08-31
1	2016-02-01	Dog	2017-02-01
42	2016-03-08	Dog	2017-03-08
92	2016-12-06	Dog	2017-12-06
57	2016-03-03	Dog	2017-03-03
13	2016-10-22	Dog	2017-10-22
100	2016-02-06	Dog	2017-02-06
68	2016-01-19	Dog	2017-01-19
59	2016-02-25	Dog	2017-02-25
64	2016-05-04	Dog	2017-05-04
69	2016-12-02	Dog	2017-12-02
58	2016-08-06	Dog	2017-08-06
31	2016-03-03	Dog	2017-03-03
14	2016-02-21	Dog	2017-02-21
44	2016-04-06	Dog	2017-04-06
70	2016-02-04	Dog	2017-02-04
15	2016-11-21	Dog	2017-11-21
36	2016-08-30	Dog	2017-08-30
45	2016-02-04	Dog	2017-02-04
1	2016-03-08	Dog	2017-03-08
96	2019-08-20	Dog	2020-08-20
19	2016-12-18	Dog	2017-12-18
54	2016-02-15	Dog	2017-02-15
12	2016-07-02	Dog	2017-07-02
54	2016-02-05	Dog	2017-02-05
43	2016-06-25	Dog	2017-06-25
83	2016-11-21	Dog	2017-11-21
72	2016-07-05	Dog	2017-07-05
68	2016-05-08	Dog	2017-05-08
32	2016-01-16	Dog	2017-01-16
90	2016-12-05	Dog	2017-12-05
40	2016-08-09	Dog	2017-08-09
56	2016-06-14	Dog	2017-06-14
46	2016-03-19	Dog	2017-03-19
70	2016-01-22	Dog	2017-01-22
90	2016-02-01	Dog	2017-02-01
64	2016-01-27	Dog	2017-01-27
47	2016-02-05	Dog	2017-02-05
32	2016-03-08	Dog	2017-03-08
68	2016-02-04	Dog	2017-02-04
43	2016-05-10	Dog	2017-05-10
51	2016-08-03	Dog	2017-08-03
32	2016-07-06	Dog	2017-07-06
14	2016-12-14	Dog	2017-12-14
27	2016-01-30	Dog	2017-01-30
58	2016-10-02	Dog	2017-10-02
27	2016-09-19	Dog	2017-09-19
31	2016-07-18	Dog	2017-07-18
64	2016-01-30	Dog	2017-01-30
86	2016-08-24	Dog	2017-08-24
70	2016-09-19	Dog	2017-09-19
1	2016-05-07	Dog	2017-05-07
40	2016-07-22	Dog	2017-07-22
92	2016-11-27	Dog	2017-11-27
43	2016-07-16	Dog	2017-07-16
60	2016-11-06	Dog	2017-11-06
45	2016-12-10	Dog	2017-12-10
45	2016-09-19	Dog	2017-09-19
75	2016-06-16	Dog	2017-06-16
68	2016-01-22	Dog	2017-01-22
27	2016-01-27	Dog	2017-01-27
100	2016-05-28	Dog	2017-05-28
72	2016-09-11	Dog	2017-09-11
19	2016-08-12	Dog	2017-08-12
68	2016-12-15	Dog	2017-12-15
12	2016-08-23	Dog	2017-08-23
13	2016-01-27	Dog	2017-01-27
70	2016-01-12	Dog	2017-01-12
70	2016-09-24	Dog	2017-09-24
50	2016-05-24	Dog	2017-05-24
27	2016-02-06	Dog	2017-02-06
37	2016-12-21	Dog	2017-12-21
72	2016-05-12	Dog	2017-05-12
87	2016-08-30	Dog	2017-08-30
42	2016-09-27	Dog	2017-09-27
46	2016-05-29	Dog	2017-05-29
35	2016-06-25	Dog	2017-06-25
63	2016-09-19	Dog	2017-09-19
83	2016-05-29	Dog	2017-05-29
1	2016-02-03	Dog	2017-02-03
58	2016-08-01	Dog	2017-08-01
64	2016-12-15	Dog	2017-12-15
100	2016-11-07	Dog	2017-11-07
96	2016-03-28	Dog	2017-03-28
5	2016-01-16	Dog	2017-01-16
63	2016-02-04	Dog	2017-02-04
54	2016-04-10	Dog	2017-04-10
60	2016-05-21	Dog	2017-05-21
96	2016-11-21	Dog	2017-11-21
23	2016-07-21	Dog	2017-07-21
45	2016-12-15	Dog	2017-12-15
74	2016-07-04	Dog	2017-07-04
15	2016-07-10	Dog	2017-07-10
69	2016-12-28	Dog	2017-12-28
60	2016-07-04	Dog	2017-07-04
27	2016-04-21	Dog	2017-04-21
60	2016-08-21	Dog	2017-08-21
75	2016-08-14	Dog	2017-08-14
86	2016-05-08	Dog	2017-05-08
64	2016-08-24	Dog	2017-08-24
50	2016-04-11	Dog	2017-04-11
62	2016-04-14	Dog	2017-04-14
82	2016-05-30	Dog	2017-05-30
92	2016-07-16	Dog	2017-07-16
63	2016-05-28	Dog	2017-05-28
72	2016-07-15	Dog	2017-07-15
68	2016-03-10	Dog	2017-03-10
86	2016-12-01	Dog	2017-12-01
74	2016-11-12	Dog	2017-11-12
5	2016-05-12	Dog	2017-05-12
75	2016-12-05	Dog	2017-12-05
64	2016-02-19	Dog	2017-02-19
54	2016-02-07	Dog	2017-02-07
10	2016-05-22	Dog	2017-05-22
56	2016-01-29	Dog	2017-01-29
32	2016-05-14	Dog	2017-05-14
47	2016-09-02	Dog	2017-09-02
60	2016-08-24	Dog	2017-08-24
57	2016-12-28	Dog	2017-12-28
74	2016-04-21	Dog	2017-04-21
83	2016-05-24	Dog	2017-05-24
28	2016-05-24	Dog	2017-05-24
57	2016-07-21	Dog	2017-07-21
28	2016-02-15	Dog	2017-02-15
83	2016-11-19	Dog	2017-11-19
26	2016-12-09	Dog	2017-12-09
37	2016-06-30	Dog	2017-06-30
54	2016-04-24	Dog	2017-04-24
58	2016-11-02	Dog	2017-11-02
15	2016-02-05	Dog	2017-02-05
55	2016-12-07	Dog	2017-12-07
54	2016-07-17	Dog	2017-07-17
72	2016-11-09	Dog	2017-11-09
55	2016-03-10	Dog	2017-03-10
56	2016-10-13	Dog	2017-10-13
92	2016-04-02	Dog	2017-04-02
72	2016-08-24	Dog	2017-08-24
19	2016-07-14	Dog	2017-07-14
50	2016-10-13	Dog	2017-10-13
82	2016-12-17	Dog	2017-12-17
63	2016-07-05	Dog	2017-07-05
40	2016-06-27	Dog	2017-06-27
10	2016-05-04	Dog	2017-05-04
69	2016-02-05	Dog	2017-02-05
33	2016-07-01	Dog	2017-07-01
74	2016-07-06	Dog	2017-07-06
33	2016-10-13	Dog	2017-10-13
50	2016-07-16	Dog	2017-07-16
45	2016-12-05	Dog	2017-12-05
82	2016-12-01	Dog	2017-12-01
60	2016-08-17	Dog	2017-08-17
5	2016-03-10	Dog	2017-03-10
62	2016-05-01	Dog	2017-05-01
33	2016-07-21	Dog	2017-07-21
31	2016-02-05	Dog	2017-02-05
42	2016-04-22	Dog	2017-04-22
95	2016-12-28	Dog	2017-12-28
31	2016-03-23	Dog	2017-03-23
26	2016-02-12	Dog	2017-02-12
26	2016-04-22	Dog	2017-04-22
13	2016-09-23	Dog	2017-09-23
1	2016-11-14	Dog	2017-11-14
62	2016-02-14	Dog	2017-02-14
50	2016-05-10	Dog	2017-05-10
16	2016-02-02	Dog	2017-02-02
72	2016-12-22	Dog	2017-12-22
31	2016-02-22	Dog	2017-02-22
86	2016-06-02	Dog	2017-06-02
23	2016-05-15	Dog	2017-05-15
44	2016-05-24	Dog	2017-05-24
26	2016-01-27	Dog	2017-01-27
89	2016-09-17	Dog	2017-09-17
30	2016-07-01	Dog	2017-07-01
51	2016-09-09	Dog	2017-09-09
27	2016-09-11	Dog	2017-09-11
16	2016-02-17	Dog	2017-02-17
74	2016-12-25	Dog	2017-12-25
45	2016-07-30	Dog	2017-07-30
90	2016-09-19	Dog	2017-09-19
30	2016-07-16	Dog	2017-07-16
74	2016-10-25	Dog	2017-10-25
58	2016-05-05	Dog	2017-05-05
87	2016-08-09	Dog	2017-08-09
60	2016-05-07	Dog	2017-05-07
1	2016-11-06	Dog	2017-11-06
1	2016-10-19	Dog	2017-10-19
66	2016-12-20	Dog	2017-12-20
26	2016-12-04	Dog	2017-12-04
35	2016-05-24	Dog	2017-05-24
82	2016-09-08	Dog	2017-09-08
62	2016-05-18	Dog	2017-05-18
89	2016-12-28	Dog	2017-12-28
44	2016-11-08	Dog	2017-11-08
42	2016-05-08	Dog	2017-05-08
42	2016-09-19	Dog	2017-09-19
57	2016-06-29	Dog	2017-06-29
16	2016-09-13	Dog	2017-09-13
10	2016-06-26	Dog	2017-06-26
87	2016-11-27	Dog	2017-11-27
66	2016-07-16	Dog	2017-07-16
44	2016-02-05	Dog	2017-02-05
16	2016-01-23	Dog	2017-01-23
43	2016-03-21	Dog	2017-03-21
30	2016-06-30	Dog	2017-06-30
68	2016-08-17	Dog	2017-08-17
60	2016-07-30	Dog	2017-07-30
13	2016-12-09	Dog	2017-12-09
15	2016-07-16	Dog	2017-07-16
10	2016-05-08	Dog	2017-05-08
87	2016-07-18	Dog	2017-07-18
35	2016-07-10	Dog	2017-07-10
72	2016-12-07	Dog	2017-12-07
62	2016-11-19	Dog	2017-11-19
5	2016-06-22	Dog	2017-06-22
86	2016-02-03	Dog	2017-02-03
58	2016-01-30	Dog	2017-01-30
23	2016-07-25	Dog	2017-07-25
69	2016-09-26	Dog	2017-09-26
47	2016-12-02	Dog	2017-12-02
60	2016-10-29	Dog	2017-10-29
69	2016-07-10	Dog	2017-07-10
55	2016-05-07	Dog	2017-05-07
37	2016-07-25	Dog	2017-07-25
28	2016-02-09	Dog	2017-02-09
82	2016-08-16	Dog	2017-08-16
1	2016-02-12	Dog	2017-02-12
83	2016-03-12	Dog	2017-03-12
47	2016-12-27	Dog	2017-12-27
54	2016-12-02	Dog	2017-12-02
69	2016-11-30	Dog	2017-11-30
87	2016-01-31	Dog	2017-01-31
90	2016-09-08	Dog	2017-09-08
45	2016-03-06	Dog	2017-03-06
59	2016-10-19	Dog	2017-10-19
1	2016-02-04	Dog	2017-02-04
68	2016-10-25	Dog	2017-10-25
5	2016-09-18	Dog	2017-09-18
50	2016-09-25	Dog	2017-09-25
36	2016-06-25	Dog	2017-06-25
95	2016-09-25	Dog	2017-09-25
100	2016-09-27	Dog	2017-09-27
46	2016-12-28	Dog	2017-12-28
82	2016-05-08	Dog	2017-05-08
82	2016-09-19	Dog	2017-09-19
66	2016-12-16	Dog	2017-12-16
10	2016-10-14	Dog	2017-10-14
\.


--
-- Data for Name: vets; Type: TABLE DATA; Schema: public; Owner: postgres
--

COPY public.vets (vet_id, name, address, vet_specialisation, salary_fixed, overhours_rate, overhours) FROM stdin;
1	(John,M,Tyrmand)	("777 Redutowa",Warsaw,MAZ,Masovian,01107)	(Dog,yes,no)	5400	120	10
2	(Holden,M,Caulfield)	("132 Puste Pola",Warsaw,MAZ,Masovian,02107)	(Cat,no,yes)	7400	21	100
3	(Vivian,F,Maier)	("112 Reduta",Warsaw,MAZ,Masovian,09807)	(dog,yes,yes)	1040	50	80
4	(Antoni,M,Gaudi)	("132 Barca",Barcelona,CAT,Catalonia,12107)	(Cat,yes,no)	1700	40	100
\.


--
-- Name: vets_vet_id_seq; Type: SEQUENCE SET; Schema: public; Owner: postgres
--

SELECT pg_catalog.setval('public.vets_vet_id_seq', 4, true);


--
-- Name: vets_vetid_seq; Type: SEQUENCE SET; Schema: public; Owner: postgres
--

SELECT pg_catalog.setval('public.vets_vetid_seq', 5, false);


--
-- Name: owners_ownerid_key; Type: CONSTRAINT; Schema: public; Owner: postgres
--

ALTER TABLE ONLY public.owners
    ADD CONSTRAINT owners_ownerid_key UNIQUE (owner_id);


--
-- Name: owners_pkey; Type: CONSTRAINT; Schema: public; Owner: postgres
--

ALTER TABLE ONLY public.owners
    ADD CONSTRAINT owners_pkey PRIMARY KEY (owner_id);


--
-- Name: pets_pet_id_key; Type: CONSTRAINT; Schema: public; Owner: postgres
--

ALTER TABLE ONLY public.pets
    ADD CONSTRAINT pets_pet_id_key UNIQUE (pet_id);


--
-- Name: pets_pkey; Type: CONSTRAINT; Schema: public; Owner: postgres
--

ALTER TABLE ONLY public.pets
    ADD CONSTRAINT pets_pkey PRIMARY KEY (pet_id);


--
-- Name: phone; Type: CONSTRAINT; Schema: public; Owner: postgres
--

ALTER TABLE ONLY public.owners
    ADD CONSTRAINT phone UNIQUE (surname);


--
-- Name: procedure_pkey; Type: CONSTRAINT; Schema: public; Owner: postgres
--

ALTER TABLE ONLY public.procedure
    ADD CONSTRAINT procedure_pkey PRIMARY KEY (procedureid);


--
-- Name: vets_pkey; Type: CONSTRAINT; Schema: public; Owner: postgres
--

ALTER TABLE ONLY public.vets
    ADD CONSTRAINT vets_pkey PRIMARY KEY (vet_id);


--
-- Name: idx_pets_petid; Type: INDEX; Schema: public; Owner: postgres
--

CREATE UNIQUE INDEX idx_pets_petid ON public.pets USING btree (pet_id);


--
-- Name: insert_notice; Type: TRIGGER; Schema: public; Owner: postgres
--

CREATE TRIGGER insert_notice BEFORE INSERT ON public.owners FOR EACH ROW EXECUTE PROCEDURE public.raise_notice('phone', 'other information');


--
-- Name: next_vaccination; Type: TRIGGER; Schema: public; Owner: postgres
--

CREATE TRIGGER next_vaccination BEFORE INSERT OR UPDATE ON public.rabis FOR EACH ROW EXECUTE PROCEDURE public.next_vaccination();


--
-- Name: owners_timestamp; Type: TRIGGER; Schema: public; Owner: postgres
--

CREATE TRIGGER owners_timestamp BEFORE INSERT OR UPDATE ON public.owners FOR EACH ROW EXECUTE PROCEDURE public.owners_timestamp();


--
-- Name: pets_timestamp; Type: TRIGGER; Schema: public; Owner: postgres
--

CREATE TRIGGER pets_timestamp BEFORE INSERT ON public.pets FOR EACH ROW EXECUTE PROCEDURE public.pets_timestamp();


--
-- Name: update; Type: TRIGGER; Schema: public; Owner: postgres
--

CREATE TRIGGER update BEFORE INSERT OR UPDATE ON public.history FOR EACH ROW EXECUTE PROCEDURE public.update();


--
-- Name: history_petid_fkey; Type: FK CONSTRAINT; Schema: public; Owner: postgres
--

ALTER TABLE ONLY public.history
    ADD CONSTRAINT history_petid_fkey FOREIGN KEY (petid) REFERENCES public.pets(pet_id) ON UPDATE CASCADE ON DELETE CASCADE;


--
-- Name: history_vetid_fkey; Type: FK CONSTRAINT; Schema: public; Owner: postgres
--

ALTER TABLE ONLY public.history
    ADD CONSTRAINT history_vetid_fkey FOREIGN KEY (vetid) REFERENCES public.vets(vet_id) ON UPDATE CASCADE ON DELETE CASCADE;


--
-- Name: pets_customerid_fkey; Type: FK CONSTRAINT; Schema: public; Owner: postgres
--

ALTER TABLE ONLY public.pets
    ADD CONSTRAINT pets_customerid_fkey FOREIGN KEY (owner_id) REFERENCES public.owners(owner_id) ON UPDATE CASCADE ON DELETE CASCADE;


--
-- Name: SCHEMA public; Type: ACL; Schema: -; Owner: postgres
--

REVOKE ALL ON SCHEMA public FROM PUBLIC;
REVOKE ALL ON SCHEMA public FROM postgres;
GRANT ALL ON SCHEMA public TO postgres;
GRANT ALL ON SCHEMA public TO PUBLIC;


--
-- PostgreSQL database dump complete
--

